from,to,distance_m,duration_s,duration_in_traffic_s,datetime,from_to
Krumpaul,Höhle,2174,184,196,2024-01-12T08:16:12.723593000,Krumpaul -> Höhle
Krumpaul,Krankenhaus,1539,147,156,2024-01-12T08:16:12.723593000,Krumpaul -> Krankenhaus
Krankenhaus,Höhle,1902,176,190,2024-01-12T08:16:12.611162000,Krankenhaus -> Höhle
Krankenhaus,Krumpaul,1560,145,159,2024-01-12T08:16:12.611162000,Krankenhaus -> Krumpaul
Höhle,Krankenhaus,1905,183,195,2024-01-12T08:16:12.511375000,Höhle -> Krankenhaus
Höhle,Krumpaul,2154,181,195,2024-01-12T08:16:12.511375000,Höhle -> Krumpaul
Krumpaul,Höhle,2174,184,196,2024-01-12T08:16:00.077545000,Krumpaul -> Höhle
Krumpaul,Krankenhaus,1539,147,156,2024-01-12T08:16:00.077545000,Krumpaul -> Krankenhaus
Krankenhaus,Höhle,1902,176,191,2024-01-12T08:15:59.947532000,Krankenhaus -> Höhle
Krankenhaus,Krumpaul,1560,145,159,2024-01-12T08:15:59.947532000,Krankenhaus -> Krumpaul
Höhle,Krankenhaus,1905,183,195,2024-01-12T08:15:59.858500000,Höhle -> Krankenhaus
Höhle,Krumpaul,2154,181,195,2024-01-12T08:15:59.858500000,Höhle -> Krumpaul
Krumpaul,Höhle,2174,184,196,2024-01-12T08:15:37.174065000,Krumpaul -> Höhle
Krumpaul,Krankenhaus,1539,147,156,2024-01-12T08:15:37.174065000,Krumpaul -> Krankenhaus
Krankenhaus,Höhle,1902,176,195,2024-01-12T08:15:37.017425000,Krankenhaus -> Höhle
Krankenhaus,Krumpaul,1560,145,161,2024-01-12T08:15:37.017425000,Krankenhaus -> Krumpaul
Höhle,Krankenhaus,1905,183,193,2024-01-12T08:15:36.852904000,Höhle -> Krankenhaus
Höhle,Krumpaul,2154,181,192,2024-01-12T08:15:36.852904000,Höhle -> Krumpaul
Krumpaul,Höhle,2174,184,197,2024-01-12T08:10:02.291413000,Krumpaul -> Höhle
Krumpaul,Krankenhaus,1539,147,158,2024-01-12T08:10:02.291413000,Krumpaul -> Krankenhaus
Krankenhaus,Höhle,1902,176,202,2024-01-12T08:10:02.146102000,Krankenhaus -> Höhle
Krankenhaus,Krumpaul,1560,145,166,2024-01-12T08:10:02.146102000,Krankenhaus -> Krumpaul
Höhle,Krankenhaus,1905,183,205,2024-01-12T08:10:01.695667000,Höhle -> Krankenhaus
Höhle,Krumpaul,2154,181,200,2024-01-12T08:10:01.695667000,Höhle -> Krumpaul
Krumpaul,Höhle,2174,184,189,2024-01-12T08:00:02.095422000,Krumpaul -> Höhle
Krumpaul,Krankenhaus,1539,147,156,2024-01-12T08:00:02.095422000,Krumpaul -> Krankenhaus
Krankenhaus,Höhle,1902,176,199,2024-01-12T08:00:01.951134000,Krankenhaus -> Höhle
Krankenhaus,Krumpaul,1560,145,169,2024-01-12T08:00:01.951134000,Krankenhaus -> Krumpaul
Höhle,Krankenhaus,1905,183,208,2024-01-12T08:00:01.672641000,Höhle -> Krankenhaus
Höhle,Krumpaul,2154,181,207,2024-01-12T08:00:01.672641000,Höhle -> Krumpaul
Krumpaul,Höhle,2174,184,203,2024-01-12T07:50:02.778585000,Krumpaul -> Höhle
Krumpaul,Krankenhaus,1539,147,183,2024-01-12T07:50:02.778585000,Krumpaul -> Krankenhaus
Krankenhaus,Höhle,1902,176,183,2024-01-12T07:50:02.630081000,Krankenhaus -> Höhle
Krankenhaus,Krumpaul,1560,145,157,2024-01-12T07:50:02.630081000,Krankenhaus -> Krumpaul
Höhle,Krankenhaus,1905,183,218,2024-01-12T07:50:02.387303000,Höhle -> Krankenhaus
Höhle,Krumpaul,2154,181,206,2024-01-12T07:50:02.387303000,Höhle -> Krumpaul
Krumpaul,Höhle,2174,184,203,2024-01-12T07:40:02.325179000,Krumpaul -> Höhle
Krumpaul,Krankenhaus,1539,147,185,2024-01-12T07:40:02.325179000,Krumpaul -> Krankenhaus
Krankenhaus,Höhle,1902,176,220,2024-01-12T07:40:02.175557000,Krankenhaus -> Höhle
Krankenhaus,Krumpaul,1560,145,195,2024-01-12T07:40:02.175557000,Krankenhaus -> Krumpaul
Höhle,Krankenhaus,1905,183,216,2024-01-12T07:40:01.734339000,Höhle -> Krankenhaus
Höhle,Krumpaul,2154,181,203,2024-01-12T07:40:01.734339000,Höhle -> Krumpaul
Krumpaul,Höhle,2174,184,193,2024-01-12T07:30:02.028908000,Krumpaul -> Höhle
Krumpaul,Krankenhaus,1539,147,160,2024-01-12T07:30:02.028908000,Krumpaul -> Krankenhaus
Krankenhaus,Höhle,1902,176,189,2024-01-12T07:30:01.882169000,Krankenhaus -> Höhle
Krankenhaus,Krumpaul,1560,145,159,2024-01-12T07:30:01.882169000,Krankenhaus -> Krumpaul
Höhle,Krankenhaus,1905,183,211,2024-01-12T07:30:01.613639000,Höhle -> Krankenhaus
Höhle,Krumpaul,2154,181,204,2024-01-12T07:30:01.613639000,Höhle -> Krumpaul
Krumpaul,Höhle,2174,184,189,2024-01-12T07:20:02.168282000,Krumpaul -> Höhle
Krumpaul,Krankenhaus,1539,147,158,2024-01-12T07:20:02.168282000,Krumpaul -> Krankenhaus
Krankenhaus,Höhle,1902,176,184,2024-01-12T07:20:01.991631000,Krankenhaus -> Höhle
Krankenhaus,Krumpaul,1560,145,154,2024-01-12T07:20:01.991631000,Krankenhaus -> Krumpaul
Höhle,Krankenhaus,1905,183,209,2024-01-12T07:20:01.620061000,Höhle -> Krankenhaus
Höhle,Krumpaul,2154,181,200,2024-01-12T07:20:01.620061000,Höhle -> Krumpaul
Krumpaul,Höhle,2174,184,187,2024-01-12T07:10:01.707415000,Krumpaul -> Höhle
Krumpaul,Krankenhaus,1539,147,153,2024-01-12T07:10:01.707415000,Krumpaul -> Krankenhaus
Krankenhaus,Höhle,1902,176,179,2024-01-12T07:10:01.576118000,Krankenhaus -> Höhle
Krankenhaus,Krumpaul,1560,145,151,2024-01-12T07:10:01.576118000,Krankenhaus -> Krumpaul
Höhle,Krankenhaus,1905,183,192,2024-01-12T07:10:01.370387000,Höhle -> Krankenhaus
Höhle,Krumpaul,2154,181,192,2024-01-12T07:10:01.370387000,Höhle -> Krumpaul
Krumpaul,Höhle,2174,184,179,2024-01-12T07:00:02.790014000,Krumpaul -> Höhle
Krumpaul,Krankenhaus,1539,147,144,2024-01-12T07:00:02.790014000,Krumpaul -> Krankenhaus
Krankenhaus,Höhle,1902,176,169,2024-01-12T07:00:02.614801000,Krankenhaus -> Höhle
Krankenhaus,Krumpaul,1560,145,140,2024-01-12T07:00:02.614801000,Krankenhaus -> Krumpaul
Höhle,Krankenhaus,1905,183,183,2024-01-12T07:00:02.356290000,Höhle -> Krankenhaus
Höhle,Krumpaul,2154,181,182,2024-01-12T07:00:02.356290000,Höhle -> Krumpaul
Krumpaul,Höhle,2174,184,176,2024-01-12T06:50:02.062789000,Krumpaul -> Höhle
Krumpaul,Krankenhaus,1539,147,141,2024-01-12T06:50:02.062789000,Krumpaul -> Krankenhaus
Krankenhaus,Höhle,1902,176,166,2024-01-12T06:50:01.918405000,Krankenhaus -> Höhle
Krankenhaus,Krumpaul,1560,145,136,2024-01-12T06:50:01.918405000,Krankenhaus -> Krumpaul
Höhle,Krankenhaus,1905,183,177,2024-01-12T06:50:01.729793000,Höhle -> Krankenhaus
Höhle,Krumpaul,2154,181,175,2024-01-12T06:50:01.729793000,Höhle -> Krumpaul
Krumpaul,Höhle,2174,184,174,2024-01-12T06:40:02.314953000,Krumpaul -> Höhle
Krumpaul,Krankenhaus,1539,147,147,2024-01-12T06:40:02.314953000,Krumpaul -> Krankenhaus
Krankenhaus,Höhle,1902,176,162,2024-01-12T06:40:02.194284000,Krankenhaus -> Höhle
Krankenhaus,Krumpaul,1560,145,135,2024-01-12T06:40:02.194284000,Krankenhaus -> Krumpaul
Höhle,Krankenhaus,1905,183,184,2024-01-12T06:40:01.901514000,Höhle -> Krankenhaus
Höhle,Krumpaul,2154,181,177,2024-01-12T06:40:01.901514000,Höhle -> Krumpaul
Krumpaul,Höhle,2174,184,170,2024-01-12T06:30:02.773111000,Krumpaul -> Höhle
Krumpaul,Krankenhaus,1539,147,142,2024-01-12T06:30:02.773111000,Krumpaul -> Krankenhaus
Krankenhaus,Höhle,1902,176,157,2024-01-12T06:30:02.613874000,Krankenhaus -> Höhle
Krankenhaus,Krumpaul,1560,145,132,2024-01-12T06:30:02.613874000,Krankenhaus -> Krumpaul
Höhle,Krankenhaus,1905,183,176,2024-01-12T06:30:02.328265000,Höhle -> Krankenhaus
Höhle,Krumpaul,2154,181,169,2024-01-12T06:30:02.328265000,Höhle -> Krumpaul
Krumpaul,Höhle,2174,184,168,2024-01-12T06:20:03.198209000,Krumpaul -> Höhle
Krumpaul,Krankenhaus,1539,147,148,2024-01-12T06:20:03.198209000,Krumpaul -> Krankenhaus
Krankenhaus,Höhle,1902,176,156,2024-01-12T06:20:03.029420000,Krankenhaus -> Höhle
Krankenhaus,Krumpaul,1560,145,130,2024-01-12T06:20:03.029420000,Krankenhaus -> Krumpaul
Höhle,Krankenhaus,1905,183,182,2024-01-12T06:20:02.562593000,Höhle -> Krankenhaus
Höhle,Krumpaul,2154,181,171,2024-01-12T06:20:02.562593000,Höhle -> Krumpaul
Krumpaul,Höhle,2174,184,167,2024-01-12T06:10:02.954001000,Krumpaul -> Höhle
Krumpaul,Krankenhaus,1539,147,149,2024-01-12T06:10:02.954001000,Krumpaul -> Krankenhaus
Krankenhaus,Höhle,1902,176,156,2024-01-12T06:10:02.763214000,Krankenhaus -> Höhle
Krankenhaus,Krumpaul,1560,145,130,2024-01-12T06:10:02.763214000,Krankenhaus -> Krumpaul
Höhle,Krankenhaus,1905,183,180,2024-01-12T06:10:02.269464000,Höhle -> Krankenhaus
Höhle,Krumpaul,2154,181,169,2024-01-12T06:10:02.269464000,Höhle -> Krumpaul
Krumpaul,Höhle,2174,184,164,2024-01-12T06:00:01.959813000,Krumpaul -> Höhle
Krumpaul,Krankenhaus,1539,147,134,2024-01-12T06:00:01.959813000,Krumpaul -> Krankenhaus
Krankenhaus,Höhle,1902,176,151,2024-01-12T06:00:01.805301000,Krankenhaus -> Höhle
Krankenhaus,Krumpaul,1560,145,123,2024-01-12T06:00:01.805301000,Krankenhaus -> Krumpaul
Höhle,Krankenhaus,1905,183,165,2024-01-12T06:00:01.569617000,Höhle -> Krankenhaus
Höhle,Krumpaul,2154,181,161,2024-01-12T06:00:01.569617000,Höhle -> Krumpaul
Krumpaul,Höhle,2174,184,163,2024-01-12T05:50:02.098752000,Krumpaul -> Höhle
Krumpaul,Krankenhaus,1539,147,135,2024-01-12T05:50:02.098752000,Krumpaul -> Krankenhaus
Krankenhaus,Höhle,1902,176,152,2024-01-12T05:50:01.937150000,Krankenhaus -> Höhle
Krankenhaus,Krumpaul,1560,145,122,2024-01-12T05:50:01.937150000,Krankenhaus -> Krumpaul
Höhle,Krankenhaus,1905,183,164,2024-01-12T05:50:01.561223000,Höhle -> Krankenhaus
Höhle,Krumpaul,2154,181,159,2024-01-12T05:50:01.561223000,Höhle -> Krumpaul
Krumpaul,Höhle,2174,184,163,2024-01-12T05:40:02.466322000,Krumpaul -> Höhle
Krumpaul,Krankenhaus,1539,147,180,2024-01-12T05:40:02.466322000,Krumpaul -> Krankenhaus
Krankenhaus,Höhle,1902,176,151,2024-01-12T05:40:02.319366000,Krankenhaus -> Höhle
Krankenhaus,Krumpaul,1560,145,121,2024-01-12T05:40:02.319366000,Krankenhaus -> Krumpaul
Höhle,Krankenhaus,1905,183,209,2024-01-12T05:40:01.735939000,Höhle -> Krankenhaus
Höhle,Krumpaul,2154,181,158,2024-01-12T05:40:01.735939000,Höhle -> Krumpaul
Krumpaul,Höhle,2174,184,159,2024-01-12T05:30:02.411676000,Krumpaul -> Höhle
Krumpaul,Krankenhaus,1539,147,180,2024-01-12T05:30:02.411676000,Krumpaul -> Krankenhaus
Krankenhaus,Höhle,1902,176,143,2024-01-12T05:30:02.246557000,Krankenhaus -> Höhle
Krankenhaus,Krumpaul,1560,145,119,2024-01-12T05:30:02.246557000,Krankenhaus -> Krumpaul
Höhle,Krankenhaus,1905,183,212,2024-01-12T05:30:01.842758000,Höhle -> Krankenhaus
Höhle,Krumpaul,2154,181,158,2024-01-12T05:30:01.842758000,Höhle -> Krumpaul
Krumpaul,Höhle,2174,184,159,2024-01-12T05:20:02.114775000,Krumpaul -> Höhle
Krumpaul,Krankenhaus,1539,147,180,2024-01-12T05:20:02.114775000,Krumpaul -> Krankenhaus
Krankenhaus,Höhle,1902,176,145,2024-01-12T05:20:01.943097000,Krankenhaus -> Höhle
Krankenhaus,Krumpaul,1560,145,122,2024-01-12T05:20:01.943097000,Krankenhaus -> Krumpaul
Höhle,Krankenhaus,1905,183,216,2024-01-12T05:20:01.631764000,Höhle -> Krankenhaus
Höhle,Krumpaul,2154,181,162,2024-01-12T05:20:01.631764000,Höhle -> Krumpaul
Krumpaul,Höhle,2174,184,160,2024-01-12T05:10:01.601634000,Krumpaul -> Höhle
Krumpaul,Krankenhaus,1539,147,184,2024-01-12T05:10:01.601634000,Krumpaul -> Krankenhaus
Krankenhaus,Höhle,1902,176,149,2024-01-12T05:10:01.434767000,Krankenhaus -> Höhle
Krankenhaus,Krumpaul,1560,145,125,2024-01-12T05:10:01.434767000,Krankenhaus -> Krumpaul
Höhle,Krankenhaus,1905,183,221,2024-01-12T05:10:01.062926000,Höhle -> Krankenhaus
Höhle,Krumpaul,2154,181,161,2024-01-12T05:10:01.062926000,Höhle -> Krumpaul
Krumpaul,Höhle,2174,184,157,2024-01-12T05:00:03.590933000,Krumpaul -> Höhle
Krumpaul,Krankenhaus,1539,147,184,2024-01-12T05:00:03.590933000,Krumpaul -> Krankenhaus
Krankenhaus,Höhle,1902,176,146,2024-01-12T05:00:03.340677000,Krankenhaus -> Höhle
Krankenhaus,Krumpaul,1560,145,122,2024-01-12T05:00:03.340677000,Krankenhaus -> Krumpaul
Höhle,Krankenhaus,1905,183,234,2024-01-12T05:00:03.091567000,Höhle -> Krankenhaus
Höhle,Krumpaul,2154,181,169,2024-01-12T05:00:03.091567000,Höhle -> Krumpaul
Krumpaul,Höhle,2174,184,168,2024-01-11T21:50:03.819145000,Krumpaul -> Höhle
Krumpaul,Krankenhaus,1539,147,129,2024-01-11T21:50:03.819145000,Krumpaul -> Krankenhaus
Krankenhaus,Höhle,1902,176,157,2024-01-11T21:50:03.656547000,Krankenhaus -> Höhle
Krankenhaus,Krumpaul,1560,145,125,2024-01-11T21:50:03.656547000,Krankenhaus -> Krumpaul
Höhle,Krankenhaus,1905,183,156,2024-01-11T21:50:03.256771000,Höhle -> Krankenhaus
Höhle,Krumpaul,2154,181,160,2024-01-11T21:50:03.256771000,Höhle -> Krumpaul
Krumpaul,Höhle,2174,184,165,2024-01-11T21:40:02.758558000,Krumpaul -> Höhle
Krumpaul,Krankenhaus,1539,147,127,2024-01-11T21:40:02.758558000,Krumpaul -> Krankenhaus
Krankenhaus,Höhle,1902,176,156,2024-01-11T21:40:02.590375000,Krankenhaus -> Höhle
Krankenhaus,Krumpaul,1560,145,124,2024-01-11T21:40:02.590375000,Krankenhaus -> Krumpaul
Höhle,Krankenhaus,1905,183,156,2024-01-11T21:40:02.339433000,Höhle -> Krankenhaus
Höhle,Krumpaul,2154,181,156,2024-01-11T21:40:02.339433000,Höhle -> Krumpaul
Krumpaul,Höhle,2174,184,166,2024-01-11T21:30:02.703798000,Krumpaul -> Höhle
Krumpaul,Krankenhaus,1539,147,128,2024-01-11T21:30:02.703798000,Krumpaul -> Krankenhaus
Krankenhaus,Höhle,1902,176,160,2024-01-11T21:30:02.535779000,Krankenhaus -> Höhle
Krankenhaus,Krumpaul,1560,145,124,2024-01-11T21:30:02.535779000,Krankenhaus -> Krumpaul
Höhle,Krankenhaus,1905,183,157,2024-01-11T21:30:02.082939000,Höhle -> Krankenhaus
Höhle,Krumpaul,2154,181,156,2024-01-11T21:30:02.082939000,Höhle -> Krumpaul
Krumpaul,Höhle,2174,184,167,2024-01-11T21:20:02.800442000,Krumpaul -> Höhle
Krumpaul,Krankenhaus,1539,147,127,2024-01-11T21:20:02.800442000,Krumpaul -> Krankenhaus
Krankenhaus,Höhle,1902,176,159,2024-01-11T21:20:02.638059000,Krankenhaus -> Höhle
Krankenhaus,Krumpaul,1560,145,126,2024-01-11T21:20:02.638059000,Krankenhaus -> Krumpaul
Höhle,Krankenhaus,1905,183,154,2024-01-11T21:20:02.270503000,Höhle -> Krankenhaus
Höhle,Krumpaul,2154,181,156,2024-01-11T21:20:02.270503000,Höhle -> Krumpaul
Krumpaul,Höhle,2174,184,166,2024-01-11T21:10:02.908256000,Krumpaul -> Höhle
Krumpaul,Krankenhaus,1539,147,126,2024-01-11T21:10:02.908256000,Krumpaul -> Krankenhaus
Krankenhaus,Höhle,1902,176,156,2024-01-11T21:10:02.753902000,Krankenhaus -> Höhle
Krankenhaus,Krumpaul,1560,145,125,2024-01-11T21:10:02.753902000,Krankenhaus -> Krumpaul
Höhle,Krankenhaus,1905,183,154,2024-01-11T21:10:02.491966000,Höhle -> Krankenhaus
Höhle,Krumpaul,2154,181,155,2024-01-11T21:10:02.491966000,Höhle -> Krumpaul
Krumpaul,Höhle,2174,184,164,2024-01-11T21:00:02.962836000,Krumpaul -> Höhle
Krumpaul,Krankenhaus,1539,147,125,2024-01-11T21:00:02.962836000,Krumpaul -> Krankenhaus
Krankenhaus,Höhle,1902,176,151,2024-01-11T21:00:02.786686000,Krankenhaus -> Höhle
Krankenhaus,Krumpaul,1560,145,119,2024-01-11T21:00:02.786686000,Krankenhaus -> Krumpaul
Höhle,Krankenhaus,1905,183,153,2024-01-11T21:00:02.547300000,Höhle -> Krankenhaus
Höhle,Krumpaul,2154,181,156,2024-01-11T21:00:02.547300000,Höhle -> Krumpaul
Krumpaul,Höhle,2174,184,164,2024-01-11T20:50:03.060042000,Krumpaul -> Höhle
Krumpaul,Krankenhaus,1539,147,124,2024-01-11T20:50:03.060042000,Krumpaul -> Krankenhaus
Krankenhaus,Höhle,1902,176,156,2024-01-11T20:50:02.886734000,Krankenhaus -> Höhle
Krankenhaus,Krumpaul,1560,145,119,2024-01-11T20:50:02.886734000,Krankenhaus -> Krumpaul
Höhle,Krankenhaus,1905,183,153,2024-01-11T20:50:02.456456000,Höhle -> Krankenhaus
Höhle,Krumpaul,2154,181,156,2024-01-11T20:50:02.456456000,Höhle -> Krumpaul
Krumpaul,Höhle,2174,184,163,2024-01-11T20:40:02.415195000,Krumpaul -> Höhle
Krumpaul,Krankenhaus,1539,147,125,2024-01-11T20:40:02.415195000,Krumpaul -> Krankenhaus
Krankenhaus,Höhle,1902,176,154,2024-01-11T20:40:02.247000000,Krankenhaus -> Höhle
Krankenhaus,Krumpaul,1560,145,119,2024-01-11T20:40:02.247000000,Krankenhaus -> Krumpaul
Höhle,Krankenhaus,1905,183,167,2024-01-11T20:40:01.976441000,Höhle -> Krankenhaus
Höhle,Krumpaul,2154,181,170,2024-01-11T20:40:01.976441000,Höhle -> Krumpaul
Krumpaul,Höhle,2174,184,163,2024-01-11T20:30:02.266844000,Krumpaul -> Höhle
Krumpaul,Krankenhaus,1539,147,127,2024-01-11T20:30:02.266844000,Krumpaul -> Krankenhaus
Krankenhaus,Höhle,1902,176,149,2024-01-11T20:30:02.123707000,Krankenhaus -> Höhle
Krankenhaus,Krumpaul,1560,145,122,2024-01-11T20:30:02.123707000,Krankenhaus -> Krumpaul
Höhle,Krankenhaus,1905,183,167,2024-01-11T20:30:01.880001000,Höhle -> Krankenhaus
Höhle,Krumpaul,2154,181,170,2024-01-11T20:30:01.880001000,Höhle -> Krumpaul
Krumpaul,Höhle,2174,184,162,2024-01-11T20:20:02.906141000,Krumpaul -> Höhle
Krumpaul,Krankenhaus,1539,147,126,2024-01-11T20:20:02.906141000,Krumpaul -> Krankenhaus
Krankenhaus,Höhle,1902,176,152,2024-01-11T20:20:02.723941000,Krankenhaus -> Höhle
Krankenhaus,Krumpaul,1560,145,124,2024-01-11T20:20:02.723941000,Krankenhaus -> Krumpaul
Höhle,Krankenhaus,1905,183,166,2024-01-11T20:20:02.452851000,Höhle -> Krankenhaus
Höhle,Krumpaul,2154,181,169,2024-01-11T20:20:02.452851000,Höhle -> Krumpaul
Krumpaul,Höhle,2174,184,163,2024-01-11T20:10:02.604566000,Krumpaul -> Höhle
Krumpaul,Krankenhaus,1539,147,129,2024-01-11T20:10:02.604566000,Krumpaul -> Krankenhaus
Krankenhaus,Höhle,1902,176,152,2024-01-11T20:10:02.413324000,Krankenhaus -> Höhle
Krankenhaus,Krumpaul,1560,145,125,2024-01-11T20:10:02.413324000,Krankenhaus -> Krumpaul
Höhle,Krankenhaus,1905,183,156,2024-01-11T20:10:02.132465000,Höhle -> Krankenhaus
Höhle,Krumpaul,2154,181,160,2024-01-11T20:10:02.132465000,Höhle -> Krumpaul
Krumpaul,Höhle,2174,184,163,2024-01-11T20:00:02.551146000,Krumpaul -> Höhle
Krumpaul,Krankenhaus,1539,147,128,2024-01-11T20:00:02.551146000,Krumpaul -> Krankenhaus
Krankenhaus,Höhle,1902,176,154,2024-01-11T20:00:02.381459000,Krankenhaus -> Höhle
Krankenhaus,Krumpaul,1560,145,128,2024-01-11T20:00:02.381459000,Krankenhaus -> Krumpaul
Höhle,Krankenhaus,1905,183,157,2024-01-11T20:00:02.060268000,Höhle -> Krankenhaus
Höhle,Krumpaul,2154,181,160,2024-01-11T20:00:02.060268000,Höhle -> Krumpaul
Krumpaul,Höhle,2174,184,170,2024-01-11T19:50:02.791284000,Krumpaul -> Höhle
Krumpaul,Krankenhaus,1539,147,136,2024-01-11T19:50:02.791284000,Krumpaul -> Krankenhaus
Krankenhaus,Höhle,1902,176,162,2024-01-11T19:50:02.610096000,Krankenhaus -> Höhle
Krankenhaus,Krumpaul,1560,145,133,2024-01-11T19:50:02.610096000,Krankenhaus -> Krumpaul
Höhle,Krankenhaus,1905,183,163,2024-01-11T19:50:02.269480000,Höhle -> Krankenhaus
Höhle,Krumpaul,2154,181,166,2024-01-11T19:50:02.269480000,Höhle -> Krumpaul
Krumpaul,Höhle,2174,184,176,2024-01-11T19:40:02.511930000,Krumpaul -> Höhle
Krumpaul,Krankenhaus,1539,147,140,2024-01-11T19:40:02.511930000,Krumpaul -> Krankenhaus
Krankenhaus,Höhle,1902,176,165,2024-01-11T19:40:02.318604000,Krankenhaus -> Höhle
Krankenhaus,Krumpaul,1560,145,135,2024-01-11T19:40:02.318604000,Krankenhaus -> Krumpaul
Höhle,Krankenhaus,1905,183,169,2024-01-11T19:40:01.972271000,Höhle -> Krankenhaus
Höhle,Krumpaul,2154,181,169,2024-01-11T19:40:01.972271000,Höhle -> Krumpaul
Krumpaul,Höhle,2174,184,178,2024-01-11T19:30:03.129265000,Krumpaul -> Höhle
Krumpaul,Krankenhaus,1539,147,140,2024-01-11T19:30:03.129265000,Krumpaul -> Krankenhaus
Krankenhaus,Höhle,1902,176,162,2024-01-11T19:30:02.975117000,Krankenhaus -> Höhle
Krankenhaus,Krumpaul,1560,145,134,2024-01-11T19:30:02.975117000,Krankenhaus -> Krumpaul
Höhle,Krankenhaus,1905,183,167,2024-01-11T19:30:02.390471000,Höhle -> Krankenhaus
Höhle,Krumpaul,2154,181,168,2024-01-11T19:30:02.390471000,Höhle -> Krumpaul
Krumpaul,Höhle,2174,184,184,2024-01-11T19:20:02.576500000,Krumpaul -> Höhle
Krumpaul,Krankenhaus,1539,147,145,2024-01-11T19:20:02.576500000,Krumpaul -> Krankenhaus
Krankenhaus,Höhle,1902,176,165,2024-01-11T19:20:02.406811000,Krankenhaus -> Höhle
Krankenhaus,Krumpaul,1560,145,133,2024-01-11T19:20:02.406811000,Krankenhaus -> Krumpaul
Höhle,Krankenhaus,1905,183,176,2024-01-11T19:20:02.028435000,Höhle -> Krankenhaus
Höhle,Krumpaul,2154,181,177,2024-01-11T19:20:02.028435000,Höhle -> Krumpaul
Krumpaul,Höhle,2174,184,190,2024-01-11T19:10:03.039581000,Krumpaul -> Höhle
Krumpaul,Krankenhaus,1539,147,150,2024-01-11T19:10:03.039581000,Krumpaul -> Krankenhaus
Krankenhaus,Höhle,1902,176,173,2024-01-11T19:10:02.906703000,Krankenhaus -> Höhle
Krankenhaus,Krumpaul,1560,145,140,2024-01-11T19:10:02.906703000,Krankenhaus -> Krumpaul
Höhle,Krankenhaus,1905,183,184,2024-01-11T19:10:02.633196000,Höhle -> Krankenhaus
Höhle,Krumpaul,2154,181,184,2024-01-11T19:10:02.633196000,Höhle -> Krumpaul
Krumpaul,Höhle,2174,184,176,2024-01-11T19:00:02.615618000,Krumpaul -> Höhle
Krumpaul,Krankenhaus,1539,147,144,2024-01-11T19:00:02.615618000,Krumpaul -> Krankenhaus
Krankenhaus,Höhle,1902,176,166,2024-01-11T19:00:02.451322000,Krankenhaus -> Höhle
Krankenhaus,Krumpaul,1560,145,139,2024-01-11T19:00:02.451322000,Krankenhaus -> Krumpaul
Höhle,Krankenhaus,1905,183,174,2024-01-11T19:00:02.231698000,Höhle -> Krankenhaus
Höhle,Krumpaul,2154,181,177,2024-01-11T19:00:02.231698000,Höhle -> Krumpaul
Krumpaul,Höhle,2174,184,180,2024-01-11T18:50:02.707632000,Krumpaul -> Höhle
Krumpaul,Krankenhaus,1539,147,144,2024-01-11T18:50:02.707632000,Krumpaul -> Krankenhaus
Krankenhaus,Höhle,1902,176,171,2024-01-11T18:50:02.554171000,Krankenhaus -> Höhle
Krankenhaus,Krumpaul,1560,145,142,2024-01-11T18:50:02.554171000,Krankenhaus -> Krumpaul
Höhle,Krankenhaus,1905,183,177,2024-01-11T18:50:02.230612000,Höhle -> Krankenhaus
Höhle,Krumpaul,2154,181,177,2024-01-11T18:50:02.230612000,Höhle -> Krumpaul
Krumpaul,Höhle,2174,184,181,2024-01-11T18:40:03.354385000,Krumpaul -> Höhle
Krumpaul,Krankenhaus,1539,147,146,2024-01-11T18:40:03.354385000,Krumpaul -> Krankenhaus
Krankenhaus,Höhle,1902,176,172,2024-01-11T18:40:03.101913000,Krankenhaus -> Höhle
Krankenhaus,Krumpaul,1560,145,142,2024-01-11T18:40:03.101913000,Krankenhaus -> Krumpaul
Höhle,Krankenhaus,1905,183,179,2024-01-11T18:40:02.646372000,Höhle -> Krankenhaus
Höhle,Krumpaul,2154,181,177,2024-01-11T18:40:02.646372000,Höhle -> Krumpaul
Krumpaul,Höhle,2174,184,186,2024-01-11T18:30:02.566981000,Krumpaul -> Höhle
Krumpaul,Krankenhaus,1539,147,144,2024-01-11T18:30:02.566981000,Krumpaul -> Krankenhaus
Krankenhaus,Höhle,1902,176,182,2024-01-11T18:30:02.411787000,Krankenhaus -> Höhle
Krankenhaus,Krumpaul,1560,145,149,2024-01-11T18:30:02.411787000,Krankenhaus -> Krumpaul
Höhle,Krankenhaus,1905,183,184,2024-01-11T18:30:02.017258000,Höhle -> Krankenhaus
Höhle,Krumpaul,2154,181,183,2024-01-11T18:30:02.017258000,Höhle -> Krumpaul
Krumpaul,Höhle,2174,184,190,2024-01-11T18:20:02.686474000,Krumpaul -> Höhle
Krumpaul,Krankenhaus,1539,147,149,2024-01-11T18:20:02.686474000,Krumpaul -> Krankenhaus
Krankenhaus,Höhle,1902,176,187,2024-01-11T18:20:02.498579000,Krankenhaus -> Höhle
Krankenhaus,Krumpaul,1560,145,149,2024-01-11T18:20:02.498579000,Krankenhaus -> Krumpaul
Höhle,Krankenhaus,1905,183,191,2024-01-11T18:20:02.233693000,Höhle -> Krankenhaus
Höhle,Krumpaul,2154,181,187,2024-01-11T18:20:02.233693000,Höhle -> Krumpaul
Krumpaul,Höhle,2174,184,190,2024-01-11T18:10:02.040297000,Krumpaul -> Höhle
Krumpaul,Krankenhaus,1539,147,149,2024-01-11T18:10:02.040297000,Krumpaul -> Krankenhaus
Krankenhaus,Höhle,1902,176,185,2024-01-11T18:10:01.892678000,Krankenhaus -> Höhle
Krankenhaus,Krumpaul,1560,145,152,2024-01-11T18:10:01.892678000,Krankenhaus -> Krumpaul
Höhle,Krankenhaus,1905,183,199,2024-01-11T18:10:01.681248000,Höhle -> Krankenhaus
Höhle,Krumpaul,2154,181,195,2024-01-11T18:10:01.681248000,Höhle -> Krumpaul
Krumpaul,Höhle,2174,184,196,2024-01-11T18:00:02.240624000,Krumpaul -> Höhle
Krumpaul,Krankenhaus,1539,147,156,2024-01-11T18:00:02.240624000,Krumpaul -> Krankenhaus
Krankenhaus,Höhle,1902,176,191,2024-01-11T18:00:02.045225000,Krankenhaus -> Höhle
Krankenhaus,Krumpaul,1560,145,158,2024-01-11T18:00:02.045225000,Krankenhaus -> Krumpaul
Höhle,Krankenhaus,1905,183,217,2024-01-11T18:00:01.787469000,Höhle -> Krankenhaus
Höhle,Krumpaul,2154,181,230,2024-01-11T18:00:01.787469000,Höhle -> Krumpaul
Krumpaul,Höhle,2174,184,203,2024-01-11T17:50:01.794843000,Krumpaul -> Höhle
Krumpaul,Krankenhaus,1539,147,165,2024-01-11T17:50:01.794843000,Krumpaul -> Krankenhaus
Krankenhaus,Höhle,1902,176,195,2024-01-11T17:50:01.584838000,Krankenhaus -> Höhle
Krankenhaus,Krumpaul,1560,145,163,2024-01-11T17:50:01.584838000,Krankenhaus -> Krumpaul
Höhle,Krankenhaus,1905,183,332,2024-01-11T17:50:01.336048000,Höhle -> Krankenhaus
Höhle,Krumpaul,2154,181,268,2024-01-11T17:50:01.336048000,Höhle -> Krumpaul
Krumpaul,Höhle,2174,184,200,2024-01-11T17:40:01.808064000,Krumpaul -> Höhle
Krumpaul,Krankenhaus,1539,147,169,2024-01-11T17:40:01.808064000,Krumpaul -> Krankenhaus
Krankenhaus,Höhle,1902,176,195,2024-01-11T17:40:01.670972000,Krankenhaus -> Höhle
Krankenhaus,Krumpaul,1560,145,166,2024-01-11T17:40:01.670972000,Krankenhaus -> Krumpaul
Höhle,Krankenhaus,1905,183,356,2024-01-11T17:40:01.399972000,Höhle -> Krankenhaus
Höhle,Krumpaul,2154,181,281,2024-01-11T17:40:01.399972000,Höhle -> Krumpaul
Krumpaul,Höhle,2174,184,215,2024-01-11T17:30:01.558930000,Krumpaul -> Höhle
Krumpaul,Krankenhaus,1539,147,180,2024-01-11T17:30:01.558930000,Krumpaul -> Krankenhaus
Krankenhaus,Höhle,1902,176,206,2024-01-11T17:30:01.385339000,Krankenhaus -> Höhle
Krankenhaus,Krumpaul,1560,145,172,2024-01-11T17:30:01.385339000,Krankenhaus -> Krumpaul
Höhle,Krankenhaus,1905,183,342,2024-01-11T17:30:01.046220000,Höhle -> Krankenhaus
Höhle,Krumpaul,2154,181,335,2024-01-11T17:30:01.046220000,Höhle -> Krumpaul
Krumpaul,Höhle,2174,184,227,2024-01-11T17:20:02.971887000,Krumpaul -> Höhle
Krumpaul,Krankenhaus,1539,147,200,2024-01-11T17:20:02.971887000,Krumpaul -> Krankenhaus
Krankenhaus,Höhle,1902,176,217,2024-01-11T17:20:02.789692000,Krankenhaus -> Höhle
Krankenhaus,Krumpaul,1560,145,176,2024-01-11T17:20:02.789692000,Krankenhaus -> Krumpaul
Höhle,Krankenhaus,1905,183,437,2024-01-11T17:20:02.505876000,Höhle -> Krankenhaus
Höhle,Krumpaul,2154,181,423,2024-01-11T17:20:02.505876000,Höhle -> Krumpaul
Krumpaul,Höhle,2174,184,229,2024-01-11T17:10:02.006353000,Krumpaul -> Höhle
Krumpaul,Krankenhaus,1539,147,186,2024-01-11T17:10:02.006353000,Krumpaul -> Krankenhaus
Krankenhaus,Höhle,1902,176,223,2024-01-11T17:10:01.859918000,Krankenhaus -> Höhle
Krankenhaus,Krumpaul,1560,145,181,2024-01-11T17:10:01.859918000,Krankenhaus -> Krumpaul
Höhle,Krankenhaus,1905,183,373,2024-01-11T17:10:01.636040000,Höhle -> Krankenhaus
Höhle,Krumpaul,2154,181,349,2024-01-11T17:10:01.636040000,Höhle -> Krumpaul
Krumpaul,Höhle,2174,184,221,2024-01-11T17:00:01.832880000,Krumpaul -> Höhle
Krumpaul,Krankenhaus,1539,147,185,2024-01-11T17:00:01.832880000,Krumpaul -> Krankenhaus
Krankenhaus,Höhle,1902,176,223,2024-01-11T17:00:01.575978000,Krankenhaus -> Höhle
Krankenhaus,Krumpaul,1560,145,181,2024-01-11T17:00:01.575978000,Krankenhaus -> Krumpaul
Höhle,Krankenhaus,1905,183,425,2024-01-11T17:00:01.325941000,Höhle -> Krankenhaus
Höhle,Krumpaul,2154,181,405,2024-01-11T17:00:01.325941000,Höhle -> Krumpaul
Krumpaul,Höhle,2174,184,239,2024-01-11T16:50:02.077680000,Krumpaul -> Höhle
Krumpaul,Krankenhaus,1539,147,198,2024-01-11T16:50:02.077680000,Krumpaul -> Krankenhaus
Krankenhaus,Höhle,1902,176,224,2024-01-11T16:50:01.922130000,Krankenhaus -> Höhle
Krankenhaus,Krumpaul,1560,145,186,2024-01-11T16:50:01.922130000,Krankenhaus -> Krumpaul
Höhle,Krankenhaus,1905,183,535,2024-01-11T16:50:01.620264000,Höhle -> Krankenhaus
Höhle,Krumpaul,2154,181,445,2024-01-11T16:50:01.620264000,Höhle -> Krumpaul
Krumpaul,Höhle,2174,184,227,2024-01-11T16:40:02.347573000,Krumpaul -> Höhle
Krumpaul,Krankenhaus,1539,147,188,2024-01-11T16:40:02.347573000,Krumpaul -> Krankenhaus
Krankenhaus,Höhle,1902,176,224,2024-01-11T16:40:02.127938000,Krankenhaus -> Höhle
Krankenhaus,Krumpaul,1560,145,197,2024-01-11T16:40:02.127938000,Krankenhaus -> Krumpaul
Höhle,Krankenhaus,1905,183,465,2024-01-11T16:40:01.740885000,Höhle -> Krankenhaus
Höhle,Krumpaul,2154,181,469,2024-01-11T16:40:01.740885000,Höhle -> Krumpaul
Krumpaul,Höhle,2174,184,275,2024-01-11T16:30:02.738639000,Krumpaul -> Höhle
Krumpaul,Krankenhaus,1539,147,213,2024-01-11T16:30:02.738639000,Krumpaul -> Krankenhaus
Krankenhaus,Höhle,1902,176,216,2024-01-11T16:30:02.570524000,Krankenhaus -> Höhle
Krankenhaus,Krumpaul,1560,145,193,2024-01-11T16:30:02.570524000,Krankenhaus -> Krumpaul
Höhle,Krankenhaus,1905,183,348,2024-01-11T16:30:02.320960000,Höhle -> Krankenhaus
Höhle,Krumpaul,2154,181,345,2024-01-11T16:30:02.320960000,Höhle -> Krumpaul
Krumpaul,Höhle,2174,184,238,2024-01-11T16:20:02.763745000,Krumpaul -> Höhle
Krumpaul,Krankenhaus,1539,147,197,2024-01-11T16:20:02.763745000,Krumpaul -> Krankenhaus
Krankenhaus,Höhle,1902,176,259,2024-01-11T16:20:02.593504000,Krankenhaus -> Höhle
Krankenhaus,Krumpaul,1560,145,193,2024-01-11T16:20:02.593504000,Krankenhaus -> Krumpaul
Höhle,Krankenhaus,1905,183,320,2024-01-11T16:20:02.349776000,Höhle -> Krankenhaus
Höhle,Krumpaul,2154,181,318,2024-01-11T16:20:02.349776000,Höhle -> Krumpaul
Krumpaul,Höhle,2174,184,275,2024-01-11T16:10:03.074432000,Krumpaul -> Höhle
Krumpaul,Krankenhaus,1510,231,208,2024-01-11T16:10:03.074432000,Krumpaul -> Krankenhaus
Krankenhaus,Höhle,1902,176,230,2024-01-11T16:10:02.868443000,Krankenhaus -> Höhle
Krankenhaus,Krumpaul,1560,145,193,2024-01-11T16:10:02.868443000,Krankenhaus -> Krumpaul
Höhle,Krankenhaus,1905,183,303,2024-01-11T16:10:02.561475000,Höhle -> Krankenhaus
Höhle,Krumpaul,2154,181,291,2024-01-11T16:10:02.561475000,Höhle -> Krumpaul
Krumpaul,Höhle,2174,184,283,2024-01-11T16:00:02.476399000,Krumpaul -> Höhle
Krumpaul,Krankenhaus,1510,231,210,2024-01-11T16:00:02.476399000,Krumpaul -> Krankenhaus
Krankenhaus,Höhle,1902,176,235,2024-01-11T16:00:02.335531000,Krankenhaus -> Höhle
Krankenhaus,Krumpaul,1560,145,198,2024-01-11T16:00:02.335531000,Krankenhaus -> Krumpaul
Höhle,Krankenhaus,1905,183,316,2024-01-11T16:00:02.060425000,Höhle -> Krankenhaus
Höhle,Krumpaul,2154,181,309,2024-01-11T16:00:02.060425000,Höhle -> Krumpaul
Krumpaul,Höhle,2174,184,259,2024-01-11T15:50:02.870600000,Krumpaul -> Höhle
Krumpaul,Krankenhaus,1539,147,227,2024-01-11T15:50:02.870600000,Krumpaul -> Krankenhaus
Krankenhaus,Höhle,1902,176,256,2024-01-11T15:50:02.670233000,Krankenhaus -> Höhle
Krankenhaus,Krumpaul,1560,145,220,2024-01-11T15:50:02.670233000,Krankenhaus -> Krumpaul
Höhle,Krankenhaus,1905,183,249,2024-01-11T15:50:02.103900000,Höhle -> Krankenhaus
Höhle,Krumpaul,2154,181,236,2024-01-11T15:50:02.103900000,Höhle -> Krumpaul
Krumpaul,Höhle,2174,184,289,2024-01-11T15:40:02.748485000,Krumpaul -> Höhle
Krumpaul,Krankenhaus,1510,231,211,2024-01-11T15:40:02.748485000,Krumpaul -> Krankenhaus
Krankenhaus,Höhle,1902,176,230,2024-01-11T15:40:02.534390000,Krankenhaus -> Höhle
Krankenhaus,Krumpaul,1560,145,191,2024-01-11T15:40:02.534390000,Krankenhaus -> Krumpaul
Höhle,Krankenhaus,1905,183,232,2024-01-11T15:40:02.069060000,Höhle -> Krankenhaus
Höhle,Krumpaul,2154,181,222,2024-01-11T15:40:02.069060000,Höhle -> Krumpaul
Krumpaul,Höhle,2174,184,270,2024-01-11T15:30:03.974482000,Krumpaul -> Höhle
Krumpaul,Krankenhaus,1539,147,236,2024-01-11T15:30:03.974482000,Krumpaul -> Krankenhaus
Krankenhaus,Höhle,1902,176,223,2024-01-11T15:30:03.704307000,Krankenhaus -> Höhle
Krankenhaus,Krumpaul,1560,145,186,2024-01-11T15:30:03.704307000,Krankenhaus -> Krumpaul
Höhle,Krankenhaus,1905,183,245,2024-01-11T15:30:03.280023000,Höhle -> Krankenhaus
Höhle,Krumpaul,2154,181,231,2024-01-11T15:30:03.280023000,Höhle -> Krumpaul
Krumpaul,Höhle,2174,184,281,2024-01-11T15:20:02.442433000,Krumpaul -> Höhle
Krumpaul,Krankenhaus,1539,147,247,2024-01-11T15:20:02.442433000,Krumpaul -> Krankenhaus
Krankenhaus,Höhle,1902,176,220,2024-01-11T15:20:02.070953000,Krankenhaus -> Höhle
Krankenhaus,Krumpaul,1560,145,178,2024-01-11T15:20:02.070953000,Krankenhaus -> Krumpaul
Höhle,Krankenhaus,1905,183,241,2024-01-11T15:20:01.544944000,Höhle -> Krankenhaus
Höhle,Krumpaul,2154,181,227,2024-01-11T15:20:01.544944000,Höhle -> Krumpaul
Krumpaul,Höhle,2174,184,269,2024-01-11T15:10:03.172059000,Krumpaul -> Höhle
Krumpaul,Krankenhaus,1539,147,232,2024-01-11T15:10:03.172059000,Krumpaul -> Krankenhaus
Krankenhaus,Höhle,1902,176,219,2024-01-11T15:10:02.915665000,Krankenhaus -> Höhle
Krankenhaus,Krumpaul,1560,145,175,2024-01-11T15:10:02.915665000,Krankenhaus -> Krumpaul
Höhle,Krankenhaus,1905,183,235,2024-01-11T15:10:02.385718000,Höhle -> Krankenhaus
Höhle,Krumpaul,2154,181,220,2024-01-11T15:10:02.385718000,Höhle -> Krumpaul
Krumpaul,Höhle,2174,184,259,2024-01-11T15:00:02.160720000,Krumpaul -> Höhle
Krumpaul,Krankenhaus,1539,147,215,2024-01-11T15:00:02.160720000,Krumpaul -> Krankenhaus
Krankenhaus,Höhle,1902,176,242,2024-01-11T15:00:02.028425000,Krankenhaus -> Höhle
Krankenhaus,Krumpaul,1560,145,169,2024-01-11T15:00:02.028425000,Krankenhaus -> Krumpaul
Höhle,Krankenhaus,1905,183,225,2024-01-11T15:00:01.795649000,Höhle -> Krankenhaus
Höhle,Krumpaul,2154,181,212,2024-01-11T15:00:01.795649000,Höhle -> Krumpaul
Krumpaul,Höhle,2174,184,245,2024-01-11T14:50:03.321095000,Krumpaul -> Höhle
Krumpaul,Krankenhaus,1539,147,196,2024-01-11T14:50:03.321095000,Krumpaul -> Krankenhaus
Krankenhaus,Höhle,1902,176,206,2024-01-11T14:50:03.123993000,Krankenhaus -> Höhle
Krankenhaus,Krumpaul,1560,145,174,2024-01-11T14:50:03.123993000,Krankenhaus -> Krumpaul
Höhle,Krankenhaus,1905,183,223,2024-01-11T14:50:02.810915000,Höhle -> Krankenhaus
Höhle,Krumpaul,2154,181,212,2024-01-11T14:50:02.810915000,Höhle -> Krumpaul
Krumpaul,Höhle,2174,184,241,2024-01-11T14:40:02.234359000,Krumpaul -> Höhle
Krumpaul,Krankenhaus,1539,147,195,2024-01-11T14:40:02.234359000,Krumpaul -> Krankenhaus
Krankenhaus,Höhle,1902,176,201,2024-01-11T14:40:02.031105000,Krankenhaus -> Höhle
Krankenhaus,Krumpaul,1560,145,175,2024-01-11T14:40:02.031105000,Krankenhaus -> Krumpaul
Höhle,Krankenhaus,1905,183,233,2024-01-11T14:40:01.584926000,Höhle -> Krankenhaus
Höhle,Krumpaul,2154,181,229,2024-01-11T14:40:01.584926000,Höhle -> Krumpaul
Krumpaul,Höhle,2174,184,232,2024-01-11T14:30:03.635595000,Krumpaul -> Höhle
Krumpaul,Krankenhaus,1539,147,184,2024-01-11T14:30:03.635595000,Krumpaul -> Krankenhaus
Krankenhaus,Höhle,1902,176,213,2024-01-11T14:30:03.493762000,Krankenhaus -> Höhle
Krankenhaus,Krumpaul,1560,145,173,2024-01-11T14:30:03.493762000,Krankenhaus -> Krumpaul
Höhle,Krankenhaus,1905,183,231,2024-01-11T14:30:03.208263000,Höhle -> Krankenhaus
Höhle,Krumpaul,2154,181,253,2024-01-11T14:30:03.208263000,Höhle -> Krumpaul
Krumpaul,Höhle,2174,184,223,2024-01-11T14:20:03.350033000,Krumpaul -> Höhle
Krumpaul,Krankenhaus,1539,147,182,2024-01-11T14:20:03.350033000,Krumpaul -> Krankenhaus
Krankenhaus,Höhle,1902,176,221,2024-01-11T14:20:03.179243000,Krankenhaus -> Höhle
Krankenhaus,Krumpaul,1560,145,186,2024-01-11T14:20:03.179243000,Krankenhaus -> Krumpaul
Höhle,Krankenhaus,1905,183,213,2024-01-11T14:20:02.736988000,Höhle -> Krankenhaus
Höhle,Krumpaul,2154,181,195,2024-01-11T14:20:02.736988000,Höhle -> Krumpaul
Krumpaul,Höhle,2174,184,219,2024-01-11T14:10:02.611067000,Krumpaul -> Höhle
Krumpaul,Krankenhaus,1539,147,183,2024-01-11T14:10:02.611067000,Krumpaul -> Krankenhaus
Krankenhaus,Höhle,1902,176,209,2024-01-11T14:10:02.466696000,Krankenhaus -> Höhle
Krankenhaus,Krumpaul,1560,145,175,2024-01-11T14:10:02.466696000,Krankenhaus -> Krumpaul
Höhle,Krankenhaus,1905,183,215,2024-01-11T14:10:02.172281000,Höhle -> Krankenhaus
Höhle,Krumpaul,2154,181,199,2024-01-11T14:10:02.172281000,Höhle -> Krumpaul
Krumpaul,Höhle,2174,184,208,2024-01-11T14:00:02.845023000,Krumpaul -> Höhle
Krumpaul,Krankenhaus,1539,147,179,2024-01-11T14:00:02.845023000,Krumpaul -> Krankenhaus
Krankenhaus,Höhle,1902,176,206,2024-01-11T14:00:02.661018000,Krankenhaus -> Höhle
Krankenhaus,Krumpaul,1560,145,163,2024-01-11T14:00:02.661018000,Krankenhaus -> Krumpaul
Höhle,Krankenhaus,1905,183,217,2024-01-11T14:00:02.395923000,Höhle -> Krankenhaus
Höhle,Krumpaul,2154,181,203,2024-01-11T14:00:02.395923000,Höhle -> Krumpaul
Krumpaul,Höhle,2174,184,204,2024-01-11T13:50:02.435198000,Krumpaul -> Höhle
Krumpaul,Krankenhaus,1539,147,174,2024-01-11T13:50:02.435198000,Krumpaul -> Krankenhaus
Krankenhaus,Höhle,1902,176,202,2024-01-11T13:50:02.106339000,Krankenhaus -> Höhle
Krankenhaus,Krumpaul,1560,145,171,2024-01-11T13:50:02.106339000,Krankenhaus -> Krumpaul
Höhle,Krankenhaus,1905,183,215,2024-01-11T13:50:01.711034000,Höhle -> Krankenhaus
Höhle,Krumpaul,2154,181,202,2024-01-11T13:50:01.711034000,Höhle -> Krumpaul
Krumpaul,Höhle,2174,184,204,2024-01-11T13:40:02.764563000,Krumpaul -> Höhle
Krumpaul,Krankenhaus,1539,147,172,2024-01-11T13:40:02.764563000,Krumpaul -> Krankenhaus
Krankenhaus,Höhle,1902,176,197,2024-01-11T13:40:02.597506000,Krankenhaus -> Höhle
Krankenhaus,Krumpaul,1560,145,171,2024-01-11T13:40:02.597506000,Krankenhaus -> Krumpaul
Höhle,Krankenhaus,1905,183,214,2024-01-11T13:40:02.306974000,Höhle -> Krankenhaus
Höhle,Krumpaul,2154,181,205,2024-01-11T13:40:02.306974000,Höhle -> Krumpaul
Krumpaul,Höhle,2174,184,211,2024-01-11T13:30:02.929585000,Krumpaul -> Höhle
Krumpaul,Krankenhaus,1539,147,176,2024-01-11T13:30:02.929585000,Krumpaul -> Krankenhaus
Krankenhaus,Höhle,1902,176,206,2024-01-11T13:30:02.605270000,Krankenhaus -> Höhle
Krankenhaus,Krumpaul,1560,145,176,2024-01-11T13:30:02.605270000,Krankenhaus -> Krumpaul
Höhle,Krankenhaus,1905,183,216,2024-01-11T13:30:02.269618000,Höhle -> Krankenhaus
Höhle,Krumpaul,2154,181,210,2024-01-11T13:30:02.269618000,Höhle -> Krumpaul
Krumpaul,Höhle,2174,184,219,2024-01-11T13:20:03.113455000,Krumpaul -> Höhle
Krumpaul,Krankenhaus,1539,147,186,2024-01-11T13:20:03.113455000,Krumpaul -> Krankenhaus
Krankenhaus,Höhle,1902,176,215,2024-01-11T13:20:02.921306000,Krankenhaus -> Höhle
Krankenhaus,Krumpaul,1560,145,190,2024-01-11T13:20:02.921306000,Krankenhaus -> Krumpaul
Höhle,Krankenhaus,1905,183,211,2024-01-11T13:20:02.659012000,Höhle -> Krankenhaus
Höhle,Krumpaul,2154,181,205,2024-01-11T13:20:02.659012000,Höhle -> Krumpaul
Krumpaul,Höhle,2174,184,214,2024-01-11T13:10:02.750690000,Krumpaul -> Höhle
Krumpaul,Krankenhaus,1539,147,180,2024-01-11T13:10:02.750690000,Krumpaul -> Krankenhaus
Krankenhaus,Höhle,1902,176,199,2024-01-11T13:10:02.624114000,Krankenhaus -> Höhle
Krankenhaus,Krumpaul,1560,145,173,2024-01-11T13:10:02.624114000,Krankenhaus -> Krumpaul
Höhle,Krankenhaus,1905,183,214,2024-01-11T13:10:02.246076000,Höhle -> Krankenhaus
Höhle,Krumpaul,2154,181,210,2024-01-11T13:10:02.246076000,Höhle -> Krumpaul
Krumpaul,Höhle,2174,184,207,2024-01-11T13:00:02.599912000,Krumpaul -> Höhle
Krumpaul,Krankenhaus,1539,147,170,2024-01-11T13:00:02.599912000,Krumpaul -> Krankenhaus
Krankenhaus,Höhle,1902,176,187,2024-01-11T13:00:02.408585000,Krankenhaus -> Höhle
Krankenhaus,Krumpaul,1560,145,166,2024-01-11T13:00:02.408585000,Krankenhaus -> Krumpaul
Höhle,Krankenhaus,1905,183,205,2024-01-11T13:00:02.038473000,Höhle -> Krankenhaus
Höhle,Krumpaul,2154,181,205,2024-01-11T13:00:02.038473000,Höhle -> Krumpaul
Krumpaul,Höhle,2174,184,200,2024-01-11T12:50:02.308161000,Krumpaul -> Höhle
Krumpaul,Krankenhaus,1539,147,175,2024-01-11T12:50:02.308161000,Krumpaul -> Krankenhaus
Krankenhaus,Höhle,1902,176,189,2024-01-11T12:50:02.152106000,Krankenhaus -> Höhle
Krankenhaus,Krumpaul,1560,145,167,2024-01-11T12:50:02.152106000,Krankenhaus -> Krumpaul
Höhle,Krankenhaus,1905,183,201,2024-01-11T12:50:01.861821000,Höhle -> Krankenhaus
Höhle,Krumpaul,2154,181,195,2024-01-11T12:50:01.861821000,Höhle -> Krumpaul
Krumpaul,Höhle,2174,184,200,2024-01-11T12:40:03.023757000,Krumpaul -> Höhle
Krumpaul,Krankenhaus,1539,147,166,2024-01-11T12:40:03.023757000,Krumpaul -> Krankenhaus
Krankenhaus,Höhle,1902,176,191,2024-01-11T12:40:02.858390000,Krankenhaus -> Höhle
Krankenhaus,Krumpaul,1560,145,161,2024-01-11T12:40:02.858390000,Krankenhaus -> Krumpaul
Höhle,Krankenhaus,1905,183,206,2024-01-11T12:40:02.511172000,Höhle -> Krankenhaus
Höhle,Krumpaul,2154,181,198,2024-01-11T12:40:02.511172000,Höhle -> Krumpaul
Krumpaul,Höhle,2174,184,199,2024-01-11T12:30:02.687094000,Krumpaul -> Höhle
Krumpaul,Krankenhaus,1539,147,171,2024-01-11T12:30:02.687094000,Krumpaul -> Krankenhaus
Krankenhaus,Höhle,1902,176,200,2024-01-11T12:30:02.515482000,Krankenhaus -> Höhle
Krankenhaus,Krumpaul,1560,145,170,2024-01-11T12:30:02.515482000,Krankenhaus -> Krumpaul
Höhle,Krankenhaus,1905,183,212,2024-01-11T12:30:02.262912000,Höhle -> Krankenhaus
Höhle,Krumpaul,2154,181,205,2024-01-11T12:30:02.262912000,Höhle -> Krumpaul
Krumpaul,Höhle,2174,184,208,2024-01-11T12:20:02.662298000,Krumpaul -> Höhle
Krumpaul,Krankenhaus,1539,147,173,2024-01-11T12:20:02.662298000,Krumpaul -> Krankenhaus
Krankenhaus,Höhle,1902,176,198,2024-01-11T12:20:02.331543000,Krankenhaus -> Höhle
Krankenhaus,Krumpaul,1560,145,166,2024-01-11T12:20:02.331543000,Krankenhaus -> Krumpaul
Höhle,Krankenhaus,1905,183,214,2024-01-11T12:20:01.839335000,Höhle -> Krankenhaus
Höhle,Krumpaul,2154,181,202,2024-01-11T12:20:01.839335000,Höhle -> Krumpaul
Krumpaul,Höhle,2174,184,214,2024-01-11T12:10:01.979523000,Krumpaul -> Höhle
Krumpaul,Krankenhaus,1539,147,178,2024-01-11T12:10:01.979523000,Krumpaul -> Krankenhaus
Krankenhaus,Höhle,1902,176,227,2024-01-11T12:10:01.822113000,Krankenhaus -> Höhle
Krankenhaus,Krumpaul,1560,145,187,2024-01-11T12:10:01.822113000,Krankenhaus -> Krumpaul
Höhle,Krankenhaus,1905,183,220,2024-01-11T12:10:01.323077000,Höhle -> Krankenhaus
Höhle,Krumpaul,2154,181,213,2024-01-11T12:10:01.323077000,Höhle -> Krumpaul
Krumpaul,Höhle,2174,184,205,2024-01-11T12:00:03.072970000,Krumpaul -> Höhle
Krumpaul,Krankenhaus,1539,147,181,2024-01-11T12:00:03.072970000,Krumpaul -> Krankenhaus
Krankenhaus,Höhle,1902,176,223,2024-01-11T12:00:02.905440000,Krankenhaus -> Höhle
Krankenhaus,Krumpaul,1560,145,193,2024-01-11T12:00:02.905440000,Krankenhaus -> Krumpaul
Höhle,Krankenhaus,1905,183,227,2024-01-11T12:00:02.656015000,Höhle -> Krankenhaus
Höhle,Krumpaul,2154,181,213,2024-01-11T12:00:02.656015000,Höhle -> Krumpaul
Krumpaul,Höhle,2174,184,204,2024-01-11T11:50:02.029486000,Krumpaul -> Höhle
Krumpaul,Krankenhaus,1539,147,179,2024-01-11T11:50:02.029486000,Krumpaul -> Krankenhaus
Krankenhaus,Höhle,1902,176,198,2024-01-11T11:50:01.903352000,Krankenhaus -> Höhle
Krankenhaus,Krumpaul,1560,145,174,2024-01-11T11:50:01.903352000,Krankenhaus -> Krumpaul
Höhle,Krankenhaus,1905,183,213,2024-01-11T11:50:01.570521000,Höhle -> Krankenhaus
Höhle,Krumpaul,2154,181,198,2024-01-11T11:50:01.570521000,Höhle -> Krumpaul
Krumpaul,Höhle,2174,184,206,2024-01-11T11:40:03.585765000,Krumpaul -> Höhle
Krumpaul,Krankenhaus,1539,147,173,2024-01-11T11:40:03.585765000,Krumpaul -> Krankenhaus
Krankenhaus,Höhle,1902,176,208,2024-01-11T11:40:03.250930000,Krankenhaus -> Höhle
Krankenhaus,Krumpaul,1560,145,174,2024-01-11T11:40:03.250930000,Krankenhaus -> Krumpaul
Höhle,Krankenhaus,1905,183,213,2024-01-11T11:40:02.887038000,Höhle -> Krankenhaus
Höhle,Krumpaul,2154,181,204,2024-01-11T11:40:02.887038000,Höhle -> Krumpaul
Krumpaul,Höhle,2174,184,208,2024-01-11T11:30:02.948095000,Krumpaul -> Höhle
Krumpaul,Krankenhaus,1539,147,172,2024-01-11T11:30:02.948095000,Krumpaul -> Krankenhaus
Krankenhaus,Höhle,1902,176,203,2024-01-11T11:30:02.655506000,Krankenhaus -> Höhle
Krankenhaus,Krumpaul,1560,145,167,2024-01-11T11:30:02.655506000,Krankenhaus -> Krumpaul
Höhle,Krankenhaus,1905,183,211,2024-01-11T11:30:02.398335000,Höhle -> Krankenhaus
Höhle,Krumpaul,2154,181,203,2024-01-11T11:30:02.398335000,Höhle -> Krumpaul
Krumpaul,Höhle,2174,184,205,2024-01-11T11:20:01.762849000,Krumpaul -> Höhle
Krumpaul,Krankenhaus,1539,147,170,2024-01-11T11:20:01.762849000,Krumpaul -> Krankenhaus
Krankenhaus,Höhle,1902,176,207,2024-01-11T11:20:01.639101000,Krankenhaus -> Höhle
Krankenhaus,Krumpaul,1560,145,172,2024-01-11T11:20:01.639101000,Krankenhaus -> Krumpaul
Höhle,Krankenhaus,1905,183,215,2024-01-11T11:20:01.447308000,Höhle -> Krankenhaus
Höhle,Krumpaul,2154,181,207,2024-01-11T11:20:01.447308000,Höhle -> Krumpaul
Krumpaul,Höhle,2174,184,205,2024-01-11T11:10:02.852812000,Krumpaul -> Höhle
Krumpaul,Krankenhaus,1539,147,170,2024-01-11T11:10:02.852812000,Krumpaul -> Krankenhaus
Krankenhaus,Höhle,1902,176,195,2024-01-11T11:10:02.653889000,Krankenhaus -> Höhle
Krankenhaus,Krumpaul,1560,145,162,2024-01-11T11:10:02.653889000,Krankenhaus -> Krumpaul
Höhle,Krankenhaus,1905,183,211,2024-01-11T11:10:02.241596000,Höhle -> Krankenhaus
Höhle,Krumpaul,2154,181,203,2024-01-11T11:10:02.241596000,Höhle -> Krumpaul
Krumpaul,Höhle,2174,184,202,2024-01-11T11:00:02.441592000,Krumpaul -> Höhle
Krumpaul,Krankenhaus,1539,147,171,2024-01-11T11:00:02.441592000,Krumpaul -> Krankenhaus
Krankenhaus,Höhle,1902,176,195,2024-01-11T11:00:02.273689000,Krankenhaus -> Höhle
Krankenhaus,Krumpaul,1560,145,168,2024-01-11T11:00:02.273689000,Krankenhaus -> Krumpaul
Höhle,Krankenhaus,1905,183,214,2024-01-11T11:00:02.000062000,Höhle -> Krankenhaus
Höhle,Krumpaul,2154,181,205,2024-01-11T11:00:02.000062000,Höhle -> Krumpaul
Krumpaul,Höhle,2174,184,200,2024-01-11T10:50:03.658306000,Krumpaul -> Höhle
Krumpaul,Krankenhaus,1539,147,173,2024-01-11T10:50:03.658306000,Krumpaul -> Krankenhaus
Krankenhaus,Höhle,1902,176,198,2024-01-11T10:50:03.158398000,Krankenhaus -> Höhle
Krankenhaus,Krumpaul,1560,145,167,2024-01-11T10:50:03.158398000,Krankenhaus -> Krumpaul
Höhle,Krankenhaus,1905,183,211,2024-01-11T10:50:02.589811000,Höhle -> Krankenhaus
Höhle,Krumpaul,2154,181,199,2024-01-11T10:50:02.589811000,Höhle -> Krumpaul
Krumpaul,Höhle,2174,184,206,2024-01-11T10:40:02.980024000,Krumpaul -> Höhle
Krumpaul,Krankenhaus,1539,147,170,2024-01-11T10:40:02.980024000,Krumpaul -> Krankenhaus
Krankenhaus,Höhle,1902,176,206,2024-01-11T10:40:02.825949000,Krankenhaus -> Höhle
Krankenhaus,Krumpaul,1560,145,166,2024-01-11T10:40:02.825949000,Krankenhaus -> Krumpaul
Höhle,Krankenhaus,1905,183,207,2024-01-11T10:40:02.352182000,Höhle -> Krankenhaus
Höhle,Krumpaul,2154,181,194,2024-01-11T10:40:02.352182000,Höhle -> Krumpaul
Krumpaul,Höhle,2174,184,208,2024-01-11T10:30:02.540976000,Krumpaul -> Höhle
Krumpaul,Krankenhaus,1539,147,171,2024-01-11T10:30:02.540976000,Krumpaul -> Krankenhaus
Krankenhaus,Höhle,1902,176,204,2024-01-11T10:30:02.346672000,Krankenhaus -> Höhle
Krankenhaus,Krumpaul,1560,145,165,2024-01-11T10:30:02.346672000,Krankenhaus -> Krumpaul
Höhle,Krankenhaus,1905,183,212,2024-01-11T10:30:01.936590000,Höhle -> Krankenhaus
Höhle,Krumpaul,2154,181,206,2024-01-11T10:30:01.936590000,Höhle -> Krumpaul
Krumpaul,Höhle,2174,184,199,2024-01-11T10:20:02.644159000,Krumpaul -> Höhle
Krumpaul,Krankenhaus,1539,147,156,2024-01-11T10:20:02.644159000,Krumpaul -> Krankenhaus
Krankenhaus,Höhle,1902,176,199,2024-01-11T10:20:02.505209000,Krankenhaus -> Höhle
Krankenhaus,Krumpaul,1560,145,160,2024-01-11T10:20:02.505209000,Krankenhaus -> Krumpaul
Höhle,Krankenhaus,1905,183,208,2024-01-11T10:20:02.224167000,Höhle -> Krankenhaus
Höhle,Krumpaul,2154,181,202,2024-01-11T10:20:02.224167000,Höhle -> Krumpaul
Krumpaul,Höhle,2174,184,191,2024-01-11T10:10:02.232055000,Krumpaul -> Höhle
Krumpaul,Krankenhaus,1539,147,156,2024-01-11T10:10:02.232055000,Krumpaul -> Krankenhaus
Krankenhaus,Höhle,1902,176,192,2024-01-11T10:10:02.083186000,Krankenhaus -> Höhle
Krankenhaus,Krumpaul,1560,145,160,2024-01-11T10:10:02.083186000,Krankenhaus -> Krumpaul
Höhle,Krankenhaus,1905,183,202,2024-01-11T10:10:01.851309000,Höhle -> Krankenhaus
Höhle,Krumpaul,2154,181,202,2024-01-11T10:10:01.851309000,Höhle -> Krumpaul
Krumpaul,Höhle,2174,184,200,2024-01-11T10:00:01.660652000,Krumpaul -> Höhle
Krumpaul,Krankenhaus,1539,147,166,2024-01-11T10:00:01.660652000,Krumpaul -> Krankenhaus
Krankenhaus,Höhle,1902,176,197,2024-01-11T10:00:01.511539000,Krankenhaus -> Höhle
Krankenhaus,Krumpaul,1560,145,167,2024-01-11T10:00:01.511539000,Krankenhaus -> Krumpaul
Höhle,Krankenhaus,1905,183,202,2024-01-11T10:00:01.265555000,Höhle -> Krankenhaus
Höhle,Krumpaul,2154,181,196,2024-01-11T10:00:01.265555000,Höhle -> Krumpaul
Krumpaul,Höhle,2174,184,195,2024-01-11T09:50:02.295599000,Krumpaul -> Höhle
Krumpaul,Krankenhaus,1539,147,160,2024-01-11T09:50:02.295599000,Krumpaul -> Krankenhaus
Krankenhaus,Höhle,1902,176,193,2024-01-11T09:50:02.144730000,Krankenhaus -> Höhle
Krankenhaus,Krumpaul,1560,145,160,2024-01-11T09:50:02.144730000,Krankenhaus -> Krumpaul
Höhle,Krankenhaus,1905,183,197,2024-01-11T09:50:01.910981000,Höhle -> Krankenhaus
Höhle,Krumpaul,2154,181,191,2024-01-11T09:50:01.910981000,Höhle -> Krumpaul
Krumpaul,Höhle,2174,184,198,2024-01-11T09:40:03.434552000,Krumpaul -> Höhle
Krumpaul,Krankenhaus,1539,147,161,2024-01-11T09:40:03.434552000,Krumpaul -> Krankenhaus
Krankenhaus,Höhle,1902,176,191,2024-01-11T09:40:03.296089000,Krankenhaus -> Höhle
Krankenhaus,Krumpaul,1560,145,158,2024-01-11T09:40:03.296089000,Krankenhaus -> Krumpaul
Höhle,Krankenhaus,1905,183,205,2024-01-11T09:40:03.067349000,Höhle -> Krankenhaus
Höhle,Krumpaul,2154,181,198,2024-01-11T09:40:03.067349000,Höhle -> Krumpaul
Krumpaul,Höhle,2174,184,197,2024-01-11T09:30:02.357463000,Krumpaul -> Höhle
Krumpaul,Krankenhaus,1539,147,164,2024-01-11T09:30:02.357463000,Krumpaul -> Krankenhaus
Krankenhaus,Höhle,1902,176,192,2024-01-11T09:30:02.206424000,Krankenhaus -> Höhle
Krankenhaus,Krumpaul,1560,145,160,2024-01-11T09:30:02.206424000,Krankenhaus -> Krumpaul
Höhle,Krankenhaus,1905,183,195,2024-01-11T09:30:01.868153000,Höhle -> Krankenhaus
Höhle,Krumpaul,2154,181,191,2024-01-11T09:30:01.868153000,Höhle -> Krumpaul
Krumpaul,Höhle,2174,184,201,2024-01-11T09:20:02.267394000,Krumpaul -> Höhle
Krumpaul,Krankenhaus,1539,147,169,2024-01-11T09:20:02.267394000,Krumpaul -> Krankenhaus
Krankenhaus,Höhle,1902,176,191,2024-01-11T09:20:02.107198000,Krankenhaus -> Höhle
Krankenhaus,Krumpaul,1560,145,158,2024-01-11T09:20:02.107198000,Krankenhaus -> Krumpaul
Höhle,Krankenhaus,1905,183,198,2024-01-11T09:20:01.856718000,Höhle -> Krankenhaus
Höhle,Krumpaul,2154,181,190,2024-01-11T09:20:01.856718000,Höhle -> Krumpaul
Krumpaul,Höhle,2174,184,190,2024-01-11T09:10:03.543137000,Krumpaul -> Höhle
Krumpaul,Krankenhaus,1539,147,156,2024-01-11T09:10:03.543137000,Krumpaul -> Krankenhaus
Krankenhaus,Höhle,1902,176,184,2024-01-11T09:10:03.385664000,Krankenhaus -> Höhle
Krankenhaus,Krumpaul,1560,145,156,2024-01-11T09:10:03.385664000,Krankenhaus -> Krumpaul
Höhle,Krankenhaus,1905,183,192,2024-01-11T09:10:02.763817000,Höhle -> Krankenhaus
Höhle,Krumpaul,2154,181,184,2024-01-11T09:10:02.763817000,Höhle -> Krumpaul
Krumpaul,Höhle,2174,184,192,2024-01-11T09:00:02.223856000,Krumpaul -> Höhle
Krumpaul,Krankenhaus,1539,147,154,2024-01-11T09:00:02.223856000,Krumpaul -> Krankenhaus
Krankenhaus,Höhle,1902,176,182,2024-01-11T09:00:02.079836000,Krankenhaus -> Höhle
Krankenhaus,Krumpaul,1560,145,151,2024-01-11T09:00:02.079836000,Krankenhaus -> Krumpaul
Höhle,Krankenhaus,1905,183,192,2024-01-11T09:00:01.821773000,Höhle -> Krankenhaus
Höhle,Krumpaul,2154,181,188,2024-01-11T09:00:01.821773000,Höhle -> Krumpaul
Krumpaul,Höhle,2174,184,194,2024-01-11T08:50:01.783199000,Krumpaul -> Höhle
Krumpaul,Krankenhaus,1539,147,156,2024-01-11T08:50:01.783199000,Krumpaul -> Krankenhaus
Krankenhaus,Höhle,1902,176,181,2024-01-11T08:50:01.603886000,Krankenhaus -> Höhle
Krankenhaus,Krumpaul,1560,145,150,2024-01-11T08:50:01.603886000,Krankenhaus -> Krumpaul
Höhle,Krankenhaus,1905,183,198,2024-01-11T08:50:01.367607000,Höhle -> Krankenhaus
Höhle,Krumpaul,2154,181,193,2024-01-11T08:50:01.367607000,Höhle -> Krumpaul
Krumpaul,Höhle,2174,184,192,2024-01-11T08:40:01.863302000,Krumpaul -> Höhle
Krumpaul,Krankenhaus,1539,147,151,2024-01-11T08:40:01.863302000,Krumpaul -> Krankenhaus
Krankenhaus,Höhle,1902,176,187,2024-01-11T08:40:01.710473000,Krankenhaus -> Höhle
Krankenhaus,Krumpaul,1560,145,152,2024-01-11T08:40:01.710473000,Krankenhaus -> Krumpaul
Höhle,Krankenhaus,1905,183,193,2024-01-11T08:40:01.432708000,Höhle -> Krankenhaus
Höhle,Krumpaul,2154,181,187,2024-01-11T08:40:01.432708000,Höhle -> Krumpaul
Krumpaul,Höhle,2174,184,193,2024-01-11T08:30:02.602689000,Krumpaul -> Höhle
Krumpaul,Krankenhaus,1539,147,152,2024-01-11T08:30:02.602689000,Krumpaul -> Krankenhaus
Krankenhaus,Höhle,1902,176,190,2024-01-11T08:30:02.433818000,Krankenhaus -> Höhle
Krankenhaus,Krumpaul,1560,145,159,2024-01-11T08:30:02.433818000,Krankenhaus -> Krumpaul
Höhle,Krankenhaus,1905,183,192,2024-01-11T08:30:02.182008000,Höhle -> Krankenhaus
Höhle,Krumpaul,2154,181,189,2024-01-11T08:30:02.182008000,Höhle -> Krumpaul
Krumpaul,Höhle,2174,184,199,2024-01-11T08:20:01.993506000,Krumpaul -> Höhle
Krumpaul,Krankenhaus,1539,147,158,2024-01-11T08:20:01.993506000,Krumpaul -> Krankenhaus
Krankenhaus,Höhle,1902,176,197,2024-01-11T08:20:01.831000000,Krankenhaus -> Höhle
Krankenhaus,Krumpaul,1560,145,161,2024-01-11T08:20:01.831000000,Krankenhaus -> Krumpaul
Höhle,Krankenhaus,1905,183,203,2024-01-11T08:20:01.373067000,Höhle -> Krankenhaus
Höhle,Krumpaul,2154,181,199,2024-01-11T08:20:01.373067000,Höhle -> Krumpaul
Krumpaul,Höhle,2174,184,195,2024-01-11T08:10:02.499669000,Krumpaul -> Höhle
Krumpaul,Krankenhaus,1539,147,157,2024-01-11T08:10:02.499669000,Krumpaul -> Krankenhaus
Krankenhaus,Höhle,1902,176,197,2024-01-11T08:10:02.323090000,Krankenhaus -> Höhle
Krankenhaus,Krumpaul,1560,145,163,2024-01-11T08:10:02.323090000,Krankenhaus -> Krumpaul
Höhle,Krankenhaus,1905,183,204,2024-01-11T08:10:02.002038000,Höhle -> Krankenhaus
Höhle,Krumpaul,2154,181,200,2024-01-11T08:10:02.002038000,Höhle -> Krumpaul
Krumpaul,Höhle,2174,184,208,2024-01-11T08:00:01.895163000,Krumpaul -> Höhle
Krumpaul,Krankenhaus,1539,147,160,2024-01-11T08:00:01.895163000,Krumpaul -> Krankenhaus
Krankenhaus,Höhle,1902,176,213,2024-01-11T08:00:01.745757000,Krankenhaus -> Höhle
Krankenhaus,Krumpaul,1560,145,172,2024-01-11T08:00:01.745757000,Krankenhaus -> Krumpaul
Höhle,Krankenhaus,1905,183,215,2024-01-11T08:00:01.465718000,Höhle -> Krankenhaus
Höhle,Krumpaul,2154,181,209,2024-01-11T08:00:01.465718000,Höhle -> Krumpaul
Krumpaul,Höhle,2174,184,242,2024-01-11T07:50:02.544089000,Krumpaul -> Höhle
Krumpaul,Krankenhaus,1539,147,206,2024-01-11T07:50:02.544089000,Krumpaul -> Krankenhaus
Krankenhaus,Höhle,1902,176,236,2024-01-11T07:50:02.373097000,Krankenhaus -> Höhle
Krankenhaus,Krumpaul,1560,145,206,2024-01-11T07:50:02.373097000,Krankenhaus -> Krumpaul
Höhle,Krankenhaus,1905,183,223,2024-01-11T07:50:01.987719000,Höhle -> Krankenhaus
Höhle,Krumpaul,2154,181,224,2024-01-11T07:50:01.987719000,Höhle -> Krumpaul
Krumpaul,Höhle,2174,184,217,2024-01-11T07:40:02.493045000,Krumpaul -> Höhle
Krumpaul,Krankenhaus,1539,147,177,2024-01-11T07:40:02.493045000,Krumpaul -> Krankenhaus
Krankenhaus,Höhle,1902,176,230,2024-01-11T07:40:02.319488000,Krankenhaus -> Höhle
Krankenhaus,Krumpaul,1560,145,196,2024-01-11T07:40:02.319488000,Krankenhaus -> Krumpaul
Höhle,Krankenhaus,1905,183,223,2024-01-11T07:40:02.015894000,Höhle -> Krankenhaus
Höhle,Krumpaul,2154,181,216,2024-01-11T07:40:02.015894000,Höhle -> Krumpaul
Krumpaul,Höhle,2174,184,210,2024-01-11T07:30:02.584654000,Krumpaul -> Höhle
Krumpaul,Krankenhaus,1539,147,167,2024-01-11T07:30:02.584654000,Krumpaul -> Krankenhaus
Krankenhaus,Höhle,1902,176,206,2024-01-11T07:30:02.438732000,Krankenhaus -> Höhle
Krankenhaus,Krumpaul,1560,145,170,2024-01-11T07:30:02.438732000,Krankenhaus -> Krumpaul
Höhle,Krankenhaus,1905,183,224,2024-01-11T07:30:02.200715000,Höhle -> Krankenhaus
Höhle,Krumpaul,2154,181,215,2024-01-11T07:30:02.200715000,Höhle -> Krumpaul
Krumpaul,Höhle,2174,184,203,2024-01-11T07:20:02.306127000,Krumpaul -> Höhle
Krumpaul,Krankenhaus,1539,147,165,2024-01-11T07:20:02.306127000,Krumpaul -> Krankenhaus
Krankenhaus,Höhle,1902,176,191,2024-01-11T07:20:02.124285000,Krankenhaus -> Höhle
Krankenhaus,Krumpaul,1560,145,159,2024-01-11T07:20:02.124285000,Krankenhaus -> Krumpaul
Höhle,Krankenhaus,1905,183,211,2024-01-11T07:20:01.878452000,Höhle -> Krankenhaus
Höhle,Krumpaul,2154,181,209,2024-01-11T07:20:01.878452000,Höhle -> Krumpaul
Krumpaul,Höhle,2174,184,198,2024-01-11T07:10:02.908242000,Krumpaul -> Höhle
Krumpaul,Krankenhaus,1539,147,160,2024-01-11T07:10:02.908242000,Krumpaul -> Krankenhaus
Krankenhaus,Höhle,1902,176,190,2024-01-11T07:10:02.753749000,Krankenhaus -> Höhle
Krankenhaus,Krumpaul,1560,145,155,2024-01-11T07:10:02.753749000,Krankenhaus -> Krumpaul
Höhle,Krankenhaus,1905,183,207,2024-01-11T07:10:02.519528000,Höhle -> Krankenhaus
Höhle,Krumpaul,2154,181,201,2024-01-11T07:10:02.519528000,Höhle -> Krumpaul
Krumpaul,Höhle,2174,184,190,2024-01-11T07:00:02.746614000,Krumpaul -> Höhle
Krumpaul,Krankenhaus,1539,147,145,2024-01-11T07:00:02.746614000,Krumpaul -> Krankenhaus
Krankenhaus,Höhle,1902,176,185,2024-01-11T07:00:02.579171000,Krankenhaus -> Höhle
Krankenhaus,Krumpaul,1560,145,150,2024-01-11T07:00:02.579171000,Krankenhaus -> Krumpaul
Höhle,Krankenhaus,1905,183,192,2024-01-11T07:00:02.347134000,Höhle -> Krankenhaus
Höhle,Krumpaul,2154,181,189,2024-01-11T07:00:02.347134000,Höhle -> Krumpaul
Krumpaul,Höhle,2174,184,186,2024-01-11T06:50:01.851031000,Krumpaul -> Höhle
Krumpaul,Krankenhaus,1539,147,147,2024-01-11T06:50:01.851031000,Krumpaul -> Krankenhaus
Krankenhaus,Höhle,1902,176,174,2024-01-11T06:50:01.720279000,Krankenhaus -> Höhle
Krankenhaus,Krumpaul,1560,145,139,2024-01-11T06:50:01.720279000,Krankenhaus -> Krumpaul
Höhle,Krankenhaus,1905,183,181,2024-01-11T06:50:01.459637000,Höhle -> Krankenhaus
Höhle,Krumpaul,2154,181,178,2024-01-11T06:50:01.459637000,Höhle -> Krumpaul
Krumpaul,Höhle,2174,184,179,2024-01-11T06:40:02.221523000,Krumpaul -> Höhle
Krumpaul,Krankenhaus,1539,147,144,2024-01-11T06:40:02.221523000,Krumpaul -> Krankenhaus
Krankenhaus,Höhle,1902,176,170,2024-01-11T06:40:02.094933000,Krankenhaus -> Höhle
Krankenhaus,Krumpaul,1560,145,135,2024-01-11T06:40:02.094933000,Krankenhaus -> Krumpaul
Höhle,Krankenhaus,1905,183,179,2024-01-11T06:40:01.847284000,Höhle -> Krankenhaus
Höhle,Krumpaul,2154,181,174,2024-01-11T06:40:01.847284000,Höhle -> Krumpaul
Krumpaul,Höhle,2174,184,174,2024-01-11T06:30:02.249201000,Krumpaul -> Höhle
Krumpaul,Krankenhaus,1539,147,140,2024-01-11T06:30:02.249201000,Krumpaul -> Krankenhaus
Krankenhaus,Höhle,1902,176,168,2024-01-11T06:30:02.083175000,Krankenhaus -> Höhle
Krankenhaus,Krumpaul,1560,145,134,2024-01-11T06:30:02.083175000,Krankenhaus -> Krumpaul
Höhle,Krankenhaus,1905,183,178,2024-01-11T06:30:01.821348000,Höhle -> Krankenhaus
Höhle,Krumpaul,2154,181,173,2024-01-11T06:30:01.821348000,Höhle -> Krumpaul
Krumpaul,Höhle,2174,184,176,2024-01-11T06:20:01.914011000,Krumpaul -> Höhle
Krumpaul,Krankenhaus,1539,147,138,2024-01-11T06:20:01.914011000,Krumpaul -> Krankenhaus
Krankenhaus,Höhle,1902,176,168,2024-01-11T06:20:01.744959000,Krankenhaus -> Höhle
Krankenhaus,Krumpaul,1560,145,134,2024-01-11T06:20:01.744959000,Krankenhaus -> Krumpaul
Höhle,Krankenhaus,1905,183,176,2024-01-11T06:20:01.373638000,Höhle -> Krankenhaus
Höhle,Krumpaul,2154,181,166,2024-01-11T06:20:01.373638000,Höhle -> Krumpaul
Krumpaul,Höhle,2174,184,176,2024-01-11T06:10:01.440283000,Krumpaul -> Höhle
Krumpaul,Krankenhaus,1539,147,134,2024-01-11T06:10:01.440283000,Krumpaul -> Krankenhaus
Krankenhaus,Höhle,1902,176,165,2024-01-11T06:10:01.303663000,Krankenhaus -> Höhle
Krankenhaus,Krumpaul,1560,145,131,2024-01-11T06:10:01.303663000,Krankenhaus -> Krumpaul
Höhle,Krankenhaus,1905,183,175,2024-01-11T06:10:01.099503000,Höhle -> Krankenhaus
Höhle,Krumpaul,2154,181,171,2024-01-11T06:10:01.099503000,Höhle -> Krumpaul
Krumpaul,Höhle,2174,184,161,2024-01-11T06:00:01.942776000,Krumpaul -> Höhle
Krumpaul,Krankenhaus,1539,147,129,2024-01-11T06:00:01.942776000,Krumpaul -> Krankenhaus
Krankenhaus,Höhle,1902,176,149,2024-01-11T06:00:01.797299000,Krankenhaus -> Höhle
Krankenhaus,Krumpaul,1560,145,127,2024-01-11T06:00:01.797299000,Krankenhaus -> Krumpaul
Höhle,Krankenhaus,1905,183,167,2024-01-11T06:00:01.554444000,Höhle -> Krankenhaus
Höhle,Krumpaul,2154,181,168,2024-01-11T06:00:01.554444000,Höhle -> Krumpaul
Krumpaul,Höhle,2174,184,161,2024-01-11T05:50:02.575219000,Krumpaul -> Höhle
Krumpaul,Krankenhaus,1539,147,131,2024-01-11T05:50:02.575219000,Krumpaul -> Krankenhaus
Krankenhaus,Höhle,1902,176,151,2024-01-11T05:50:02.438219000,Krankenhaus -> Höhle
Krankenhaus,Krumpaul,1560,145,130,2024-01-11T05:50:02.438219000,Krankenhaus -> Krumpaul
Höhle,Krankenhaus,1905,183,168,2024-01-11T05:50:02.242781000,Höhle -> Krankenhaus
Höhle,Krumpaul,2154,181,165,2024-01-11T05:50:02.242781000,Höhle -> Krumpaul
Krumpaul,Höhle,2174,184,156,2024-01-11T05:40:02.276886000,Krumpaul -> Höhle
Krumpaul,Krankenhaus,1539,147,127,2024-01-11T05:40:02.276886000,Krumpaul -> Krankenhaus
Krankenhaus,Höhle,1902,176,144,2024-01-11T05:40:02.147030000,Krankenhaus -> Höhle
Krankenhaus,Krumpaul,1560,145,126,2024-01-11T05:40:02.147030000,Krankenhaus -> Krumpaul
Höhle,Krankenhaus,1905,183,163,2024-01-11T05:40:01.881975000,Höhle -> Krankenhaus
Höhle,Krumpaul,2154,181,165,2024-01-11T05:40:01.881975000,Höhle -> Krumpaul
Krumpaul,Höhle,2174,184,155,2024-01-11T05:30:02.994482000,Krumpaul -> Höhle
Krumpaul,Krankenhaus,1539,147,135,2024-01-11T05:30:02.994482000,Krumpaul -> Krankenhaus
Krankenhaus,Höhle,1902,176,142,2024-01-11T05:30:02.845307000,Krankenhaus -> Höhle
Krankenhaus,Krumpaul,1560,145,123,2024-01-11T05:30:02.845307000,Krankenhaus -> Krumpaul
Höhle,Krankenhaus,1905,183,170,2024-01-11T05:30:02.472936000,Höhle -> Krankenhaus
Höhle,Krumpaul,2154,181,160,2024-01-11T05:30:02.472936000,Höhle -> Krumpaul
Krumpaul,Höhle,2174,184,158,2024-01-11T05:20:02.481424000,Krumpaul -> Höhle
Krumpaul,Krankenhaus,1539,147,129,2024-01-11T05:20:02.481424000,Krumpaul -> Krankenhaus
Krankenhaus,Höhle,1902,176,148,2024-01-11T05:20:02.357112000,Krankenhaus -> Höhle
Krankenhaus,Krumpaul,1560,145,125,2024-01-11T05:20:02.357112000,Krankenhaus -> Krumpaul
Höhle,Krankenhaus,1905,183,161,2024-01-11T05:20:02.024478000,Höhle -> Krankenhaus
Höhle,Krumpaul,2154,181,158,2024-01-11T05:20:02.024478000,Höhle -> Krumpaul
Krumpaul,Höhle,2174,184,158,2024-01-11T05:10:01.981487000,Krumpaul -> Höhle
Krumpaul,Krankenhaus,1539,147,138,2024-01-11T05:10:01.981487000,Krumpaul -> Krankenhaus
Krankenhaus,Höhle,1902,176,148,2024-01-11T05:10:01.852248000,Krankenhaus -> Höhle
Krankenhaus,Krumpaul,1560,145,122,2024-01-11T05:10:01.852248000,Krankenhaus -> Krumpaul
Höhle,Krankenhaus,1905,183,169,2024-01-11T05:10:01.498679000,Höhle -> Krankenhaus
Höhle,Krumpaul,2154,181,156,2024-01-11T05:10:01.498679000,Höhle -> Krumpaul
Krumpaul,Höhle,2174,184,156,2024-01-11T05:00:04.066116000,Krumpaul -> Höhle
Krumpaul,Krankenhaus,1539,147,134,2024-01-11T05:00:04.066116000,Krumpaul -> Krankenhaus
Krankenhaus,Höhle,1902,176,142,2024-01-11T05:00:03.906231000,Krankenhaus -> Höhle
Krankenhaus,Krumpaul,1560,145,118,2024-01-11T05:00:03.906231000,Krankenhaus -> Krumpaul
Höhle,Krankenhaus,1905,183,161,2024-01-11T05:00:03.459416000,Höhle -> Krankenhaus
Höhle,Krumpaul,2154,181,152,2024-01-11T05:00:03.459416000,Höhle -> Krumpaul
Krumpaul,Höhle,2174,183,159,2024-01-10T21:50:02.568652000,Krumpaul -> Höhle
Krumpaul,Krankenhaus,1539,147,118,2024-01-10T21:50:02.568652000,Krumpaul -> Krankenhaus
Krankenhaus,Höhle,1902,176,146,2024-01-10T21:50:02.393866000,Krankenhaus -> Höhle
Krankenhaus,Krumpaul,1560,145,116,2024-01-10T21:50:02.393866000,Krankenhaus -> Krumpaul
Höhle,Krankenhaus,1905,183,146,2024-01-10T21:50:02.106155000,Höhle -> Krankenhaus
Höhle,Krumpaul,2154,181,152,2024-01-10T21:50:02.106155000,Höhle -> Krumpaul
Krumpaul,Höhle,2174,183,159,2024-01-10T21:40:02.159148000,Krumpaul -> Höhle
Krumpaul,Krankenhaus,1539,147,119,2024-01-10T21:40:02.159148000,Krumpaul -> Krankenhaus
Krankenhaus,Höhle,1902,176,147,2024-01-10T21:40:02.031610000,Krankenhaus -> Höhle
Krankenhaus,Krumpaul,1560,145,119,2024-01-10T21:40:02.031610000,Krankenhaus -> Krumpaul
Höhle,Krankenhaus,1905,183,146,2024-01-10T21:40:01.477039000,Höhle -> Krankenhaus
Höhle,Krumpaul,2154,181,151,2024-01-10T21:40:01.477039000,Höhle -> Krumpaul
Krumpaul,Höhle,2174,183,160,2024-01-10T21:30:02.716352000,Krumpaul -> Höhle
Krumpaul,Krankenhaus,1539,147,119,2024-01-10T21:30:02.716352000,Krumpaul -> Krankenhaus
Krankenhaus,Höhle,1902,176,150,2024-01-10T21:30:02.573015000,Krankenhaus -> Höhle
Krankenhaus,Krumpaul,1560,145,121,2024-01-10T21:30:02.573015000,Krankenhaus -> Krumpaul
Höhle,Krankenhaus,1905,183,150,2024-01-10T21:30:02.279050000,Höhle -> Krankenhaus
Höhle,Krumpaul,2154,181,155,2024-01-10T21:30:02.279050000,Höhle -> Krumpaul
Krumpaul,Höhle,2174,183,163,2024-01-10T21:20:02.634388000,Krumpaul -> Höhle
Krumpaul,Krankenhaus,1539,147,129,2024-01-10T21:20:02.634388000,Krumpaul -> Krankenhaus
Krankenhaus,Höhle,1902,176,150,2024-01-10T21:20:02.444195000,Krankenhaus -> Höhle
Krankenhaus,Krumpaul,1560,145,121,2024-01-10T21:20:02.444195000,Krankenhaus -> Krumpaul
Höhle,Krankenhaus,1905,183,157,2024-01-10T21:20:02.081524000,Höhle -> Krankenhaus
Höhle,Krumpaul,2154,181,155,2024-01-10T21:20:02.081524000,Höhle -> Krumpaul
Krumpaul,Höhle,2174,183,159,2024-01-10T21:10:02.903744000,Krumpaul -> Höhle
Krumpaul,Krankenhaus,1539,147,126,2024-01-10T21:10:02.903744000,Krumpaul -> Krankenhaus
Krankenhaus,Höhle,1902,176,146,2024-01-10T21:10:02.751006000,Krankenhaus -> Höhle
Krankenhaus,Krumpaul,1560,145,119,2024-01-10T21:10:02.751006000,Krankenhaus -> Krumpaul
Höhle,Krankenhaus,1905,183,152,2024-01-10T21:10:02.432358000,Höhle -> Krankenhaus
Höhle,Krumpaul,2154,181,153,2024-01-10T21:10:02.432358000,Höhle -> Krumpaul
Krumpaul,Höhle,2174,183,160,2024-01-10T21:00:02.037349000,Krumpaul -> Höhle
Krumpaul,Krankenhaus,1539,147,125,2024-01-10T21:00:02.037349000,Krumpaul -> Krankenhaus
Krankenhaus,Höhle,1902,176,147,2024-01-10T21:00:01.889267000,Krankenhaus -> Höhle
Krankenhaus,Krumpaul,1560,145,119,2024-01-10T21:00:01.889267000,Krankenhaus -> Krumpaul
Höhle,Krankenhaus,1905,183,158,2024-01-10T21:00:01.670642000,Höhle -> Krankenhaus
Höhle,Krumpaul,2154,181,157,2024-01-10T21:00:01.670642000,Höhle -> Krumpaul
Krumpaul,Höhle,2174,183,159,2024-01-10T20:50:02.392957000,Krumpaul -> Höhle
Krumpaul,Krankenhaus,1539,147,126,2024-01-10T20:50:02.392957000,Krumpaul -> Krankenhaus
Krankenhaus,Höhle,1902,176,149,2024-01-10T20:50:02.223412000,Krankenhaus -> Höhle
Krankenhaus,Krumpaul,1560,145,121,2024-01-10T20:50:02.223412000,Krankenhaus -> Krumpaul
Höhle,Krankenhaus,1905,183,156,2024-01-10T20:50:01.833026000,Höhle -> Krankenhaus
Höhle,Krumpaul,2154,181,156,2024-01-10T20:50:01.833026000,Höhle -> Krumpaul
Krumpaul,Höhle,2174,183,158,2024-01-10T20:40:02.592667000,Krumpaul -> Höhle
Krumpaul,Krankenhaus,1539,147,125,2024-01-10T20:40:02.592667000,Krumpaul -> Krankenhaus
Krankenhaus,Höhle,1902,176,149,2024-01-10T20:40:02.427457000,Krankenhaus -> Höhle
Krankenhaus,Krumpaul,1560,145,121,2024-01-10T20:40:02.427457000,Krankenhaus -> Krumpaul
Höhle,Krankenhaus,1905,183,158,2024-01-10T20:40:02.174541000,Höhle -> Krankenhaus
Höhle,Krumpaul,2154,181,156,2024-01-10T20:40:02.174541000,Höhle -> Krumpaul
Krumpaul,Höhle,2174,183,161,2024-01-10T20:30:02.853645000,Krumpaul -> Höhle
Krumpaul,Krankenhaus,1539,147,129,2024-01-10T20:30:02.853645000,Krumpaul -> Krankenhaus
Krankenhaus,Höhle,1902,176,147,2024-01-10T20:30:02.690551000,Krankenhaus -> Höhle
Krankenhaus,Krumpaul,1560,145,121,2024-01-10T20:30:02.690551000,Krankenhaus -> Krumpaul
Höhle,Krankenhaus,1905,183,158,2024-01-10T20:30:02.460650000,Höhle -> Krankenhaus
Höhle,Krumpaul,2154,181,158,2024-01-10T20:30:02.460650000,Höhle -> Krumpaul
Krumpaul,Höhle,2174,183,163,2024-01-10T20:20:02.186622000,Krumpaul -> Höhle
Krumpaul,Krankenhaus,1539,147,131,2024-01-10T20:20:02.186622000,Krumpaul -> Krankenhaus
Krankenhaus,Höhle,1902,176,151,2024-01-10T20:20:02.002259000,Krankenhaus -> Höhle
Krankenhaus,Krumpaul,1560,145,123,2024-01-10T20:20:02.002259000,Krankenhaus -> Krumpaul
Höhle,Krankenhaus,1905,183,162,2024-01-10T20:20:01.650087000,Höhle -> Krankenhaus
Höhle,Krumpaul,2154,181,160,2024-01-10T20:20:01.650087000,Höhle -> Krumpaul
Krumpaul,Höhle,2174,183,164,2024-01-10T20:10:02.297688000,Krumpaul -> Höhle
Krumpaul,Krankenhaus,1539,147,130,2024-01-10T20:10:02.297688000,Krumpaul -> Krankenhaus
Krankenhaus,Höhle,1902,176,151,2024-01-10T20:10:02.138444000,Krankenhaus -> Höhle
Krankenhaus,Krumpaul,1560,145,123,2024-01-10T20:10:02.138444000,Krankenhaus -> Krumpaul
Höhle,Krankenhaus,1905,183,163,2024-01-10T20:10:01.744424000,Höhle -> Krankenhaus
Höhle,Krumpaul,2154,181,162,2024-01-10T20:10:01.744424000,Höhle -> Krumpaul
Krumpaul,Höhle,2174,183,164,2024-01-10T20:00:02.467968000,Krumpaul -> Höhle
Krumpaul,Krankenhaus,1539,147,130,2024-01-10T20:00:02.467968000,Krumpaul -> Krankenhaus
Krankenhaus,Höhle,1902,176,153,2024-01-10T20:00:02.312734000,Krankenhaus -> Höhle
Krankenhaus,Krumpaul,1560,145,124,2024-01-10T20:00:02.312734000,Krankenhaus -> Krumpaul
Höhle,Krankenhaus,1905,183,164,2024-01-10T20:00:02.098424000,Höhle -> Krankenhaus
Höhle,Krumpaul,2154,181,163,2024-01-10T20:00:02.098424000,Höhle -> Krumpaul
Krumpaul,Höhle,2174,183,166,2024-01-10T19:50:02.096218000,Krumpaul -> Höhle
Krumpaul,Krankenhaus,1539,147,127,2024-01-10T19:50:02.096218000,Krumpaul -> Krankenhaus
Krankenhaus,Höhle,1902,176,154,2024-01-10T19:50:01.931954000,Krankenhaus -> Höhle
Krankenhaus,Krumpaul,1560,145,125,2024-01-10T19:50:01.931954000,Krankenhaus -> Krumpaul
Höhle,Krankenhaus,1905,183,158,2024-01-10T19:50:01.687850000,Höhle -> Krankenhaus
Höhle,Krumpaul,2154,181,162,2024-01-10T19:50:01.687850000,Höhle -> Krumpaul
Krumpaul,Höhle,2174,183,167,2024-01-10T19:40:02.574573000,Krumpaul -> Höhle
Krumpaul,Krankenhaus,1539,147,129,2024-01-10T19:40:02.574573000,Krumpaul -> Krankenhaus
Krankenhaus,Höhle,1902,176,155,2024-01-10T19:40:02.361145000,Krankenhaus -> Höhle
Krankenhaus,Krumpaul,1560,145,125,2024-01-10T19:40:02.361145000,Krankenhaus -> Krumpaul
Höhle,Krankenhaus,1905,183,169,2024-01-10T19:40:02.119645000,Höhle -> Krankenhaus
Höhle,Krumpaul,2154,181,170,2024-01-10T19:40:02.119645000,Höhle -> Krumpaul
Krumpaul,Höhle,2174,183,167,2024-01-10T19:30:02.102108000,Krumpaul -> Höhle
Krumpaul,Krankenhaus,1539,147,130,2024-01-10T19:30:02.102108000,Krumpaul -> Krankenhaus
Krankenhaus,Höhle,1902,176,157,2024-01-10T19:30:01.943364000,Krankenhaus -> Höhle
Krankenhaus,Krumpaul,1560,145,128,2024-01-10T19:30:01.943364000,Krankenhaus -> Krumpaul
Höhle,Krankenhaus,1905,183,163,2024-01-10T19:30:01.690515000,Höhle -> Krankenhaus
Höhle,Krumpaul,2154,181,165,2024-01-10T19:30:01.690515000,Höhle -> Krumpaul
Krumpaul,Höhle,2174,183,179,2024-01-10T19:20:01.530445000,Krumpaul -> Höhle
Krumpaul,Krankenhaus,1539,147,134,2024-01-10T19:20:01.530445000,Krumpaul -> Krankenhaus
Krankenhaus,Höhle,1902,176,172,2024-01-10T19:20:01.368053000,Krankenhaus -> Höhle
Krankenhaus,Krumpaul,1560,145,133,2024-01-10T19:20:01.368053000,Krankenhaus -> Krumpaul
Höhle,Krankenhaus,1905,183,166,2024-01-10T19:20:00.941172000,Höhle -> Krankenhaus
Höhle,Krumpaul,2154,181,167,2024-01-10T19:20:00.941172000,Höhle -> Krumpaul
Krumpaul,Höhle,2174,183,180,2024-01-10T19:10:02.922853000,Krumpaul -> Höhle
Krumpaul,Krankenhaus,1539,147,137,2024-01-10T19:10:02.922853000,Krumpaul -> Krankenhaus
Krankenhaus,Höhle,1902,176,173,2024-01-10T19:10:02.765930000,Krankenhaus -> Höhle
Krankenhaus,Krumpaul,1560,145,135,2024-01-10T19:10:02.765930000,Krankenhaus -> Krumpaul
Höhle,Krankenhaus,1905,183,167,2024-01-10T19:10:02.511190000,Höhle -> Krankenhaus
Höhle,Krumpaul,2154,181,167,2024-01-10T19:10:02.511190000,Höhle -> Krumpaul
Krumpaul,Höhle,2174,183,183,2024-01-10T19:00:03.630856000,Krumpaul -> Höhle
Krumpaul,Krankenhaus,1539,147,139,2024-01-10T19:00:03.630856000,Krumpaul -> Krankenhaus
Krankenhaus,Höhle,1902,176,174,2024-01-10T19:00:03.466799000,Krankenhaus -> Höhle
Krankenhaus,Krumpaul,1560,145,139,2024-01-10T19:00:03.466799000,Krankenhaus -> Krumpaul
Höhle,Krankenhaus,1905,183,167,2024-01-10T19:00:03.176367000,Höhle -> Krankenhaus
Höhle,Krumpaul,2154,181,170,2024-01-10T19:00:03.176367000,Höhle -> Krumpaul
Krumpaul,Höhle,2174,183,174,2024-01-10T18:50:02.454572000,Krumpaul -> Höhle
Krumpaul,Krankenhaus,1539,147,134,2024-01-10T18:50:02.454572000,Krumpaul -> Krankenhaus
Krankenhaus,Höhle,1902,176,165,2024-01-10T18:50:02.329781000,Krankenhaus -> Höhle
Krankenhaus,Krumpaul,1560,145,133,2024-01-10T18:50:02.329781000,Krankenhaus -> Krumpaul
Höhle,Krankenhaus,1905,183,180,2024-01-10T18:50:02.027361000,Höhle -> Krankenhaus
Höhle,Krumpaul,2154,181,183,2024-01-10T18:50:02.027361000,Höhle -> Krumpaul
Krumpaul,Höhle,2174,183,174,2024-01-10T18:40:02.661326000,Krumpaul -> Höhle
Krumpaul,Krankenhaus,1539,147,135,2024-01-10T18:40:02.661326000,Krumpaul -> Krankenhaus
Krankenhaus,Höhle,1902,176,166,2024-01-10T18:40:02.495109000,Krankenhaus -> Höhle
Krankenhaus,Krumpaul,1560,145,134,2024-01-10T18:40:02.495109000,Krankenhaus -> Krumpaul
Höhle,Krankenhaus,1905,183,181,2024-01-10T18:40:02.026297000,Höhle -> Krankenhaus
Höhle,Krumpaul,2154,181,179,2024-01-10T18:40:02.026297000,Höhle -> Krumpaul
Krumpaul,Höhle,2174,183,177,2024-01-10T18:30:02.396026000,Krumpaul -> Höhle
Krumpaul,Krankenhaus,1539,147,138,2024-01-10T18:30:02.396026000,Krumpaul -> Krankenhaus
Krankenhaus,Höhle,1902,176,170,2024-01-10T18:30:02.213193000,Krankenhaus -> Höhle
Krankenhaus,Krumpaul,1560,145,141,2024-01-10T18:30:02.213193000,Krankenhaus -> Krumpaul
Höhle,Krankenhaus,1905,183,175,2024-01-10T18:30:01.874644000,Höhle -> Krankenhaus
Höhle,Krumpaul,2154,181,179,2024-01-10T18:30:01.874644000,Höhle -> Krumpaul
Krumpaul,Höhle,2174,183,191,2024-01-10T18:20:01.971499000,Krumpaul -> Höhle
Krumpaul,Krankenhaus,1539,147,145,2024-01-10T18:20:01.971499000,Krumpaul -> Krankenhaus
Krankenhaus,Höhle,1902,176,176,2024-01-10T18:20:01.823595000,Krankenhaus -> Höhle
Krankenhaus,Krumpaul,1560,145,142,2024-01-10T18:20:01.823595000,Krankenhaus -> Krumpaul
Höhle,Krankenhaus,1905,183,177,2024-01-10T18:20:01.585717000,Höhle -> Krankenhaus
Höhle,Krumpaul,2154,181,178,2024-01-10T18:20:01.585717000,Höhle -> Krumpaul
Krumpaul,Höhle,2174,183,189,2024-01-10T18:10:01.958150000,Krumpaul -> Höhle
Krumpaul,Krankenhaus,1539,147,149,2024-01-10T18:10:01.958150000,Krumpaul -> Krankenhaus
Krankenhaus,Höhle,1902,176,173,2024-01-10T18:10:01.834518000,Krankenhaus -> Höhle
Krankenhaus,Krumpaul,1560,145,142,2024-01-10T18:10:01.834518000,Krankenhaus -> Krumpaul
Höhle,Krankenhaus,1905,183,184,2024-01-10T18:10:01.586707000,Höhle -> Krankenhaus
Höhle,Krumpaul,2154,181,184,2024-01-10T18:10:01.586707000,Höhle -> Krumpaul
Krumpaul,Höhle,2174,183,197,2024-01-10T18:00:02.735094000,Krumpaul -> Höhle
Krumpaul,Krankenhaus,1539,147,157,2024-01-10T18:00:02.735094000,Krumpaul -> Krankenhaus
Krankenhaus,Höhle,1902,176,182,2024-01-10T18:00:02.566904000,Krankenhaus -> Höhle
Krankenhaus,Krumpaul,1560,145,152,2024-01-10T18:00:02.566904000,Krankenhaus -> Krumpaul
Höhle,Krankenhaus,1905,183,191,2024-01-10T18:00:02.330386000,Höhle -> Krankenhaus
Höhle,Krumpaul,2154,181,191,2024-01-10T18:00:02.330386000,Höhle -> Krumpaul
Krumpaul,Höhle,2174,183,202,2024-01-10T17:50:02.303745000,Krumpaul -> Höhle
Krumpaul,Krankenhaus,1539,147,158,2024-01-10T17:50:02.303745000,Krumpaul -> Krankenhaus
Krankenhaus,Höhle,1902,176,185,2024-01-10T17:50:02.159391000,Krankenhaus -> Höhle
Krankenhaus,Krumpaul,1560,145,152,2024-01-10T17:50:02.159391000,Krankenhaus -> Krumpaul
Höhle,Krankenhaus,1905,183,195,2024-01-10T17:50:01.804476000,Höhle -> Krankenhaus
Höhle,Krumpaul,2154,181,195,2024-01-10T17:50:01.804476000,Höhle -> Krumpaul
Krumpaul,Höhle,2174,183,194,2024-01-10T17:40:02.922866000,Krumpaul -> Höhle
Krumpaul,Krankenhaus,1539,147,158,2024-01-10T17:40:02.922866000,Krumpaul -> Krankenhaus
Krankenhaus,Höhle,1902,176,182,2024-01-10T17:40:02.722896000,Krankenhaus -> Höhle
Krankenhaus,Krumpaul,1560,145,151,2024-01-10T17:40:02.722896000,Krankenhaus -> Krumpaul
Höhle,Krankenhaus,1905,183,194,2024-01-10T17:40:02.251950000,Höhle -> Krankenhaus
Höhle,Krumpaul,2154,181,190,2024-01-10T17:40:02.251950000,Höhle -> Krumpaul
Krumpaul,Höhle,2174,183,204,2024-01-10T17:30:02.170330000,Krumpaul -> Höhle
Krumpaul,Krankenhaus,1539,147,168,2024-01-10T17:30:02.170330000,Krumpaul -> Krankenhaus
Krankenhaus,Höhle,1902,176,188,2024-01-10T17:30:02.046705000,Krankenhaus -> Höhle
Krankenhaus,Krumpaul,1560,145,158,2024-01-10T17:30:02.046705000,Krankenhaus -> Krumpaul
Höhle,Krankenhaus,1905,183,218,2024-01-10T17:30:01.667772000,Höhle -> Krankenhaus
Höhle,Krumpaul,2154,181,215,2024-01-10T17:30:01.667772000,Höhle -> Krumpaul
Krumpaul,Höhle,2174,183,209,2024-01-10T17:20:02.513412000,Krumpaul -> Höhle
Krumpaul,Krankenhaus,1539,147,169,2024-01-10T17:20:02.513412000,Krumpaul -> Krankenhaus
Krankenhaus,Höhle,1902,176,194,2024-01-10T17:20:02.321443000,Krankenhaus -> Höhle
Krankenhaus,Krumpaul,1560,145,154,2024-01-10T17:20:02.321443000,Krankenhaus -> Krumpaul
Höhle,Krankenhaus,1905,183,230,2024-01-10T17:20:02.060947000,Höhle -> Krankenhaus
Höhle,Krumpaul,2154,181,228,2024-01-10T17:20:02.060947000,Höhle -> Krumpaul
Krumpaul,Höhle,2174,183,215,2024-01-10T17:10:01.862115000,Krumpaul -> Höhle
Krumpaul,Krankenhaus,1539,147,174,2024-01-10T17:10:01.862115000,Krumpaul -> Krankenhaus
Krankenhaus,Höhle,1902,176,190,2024-01-10T17:10:01.665565000,Krankenhaus -> Höhle
Krankenhaus,Krumpaul,1560,145,165,2024-01-10T17:10:01.665565000,Krankenhaus -> Krumpaul
Höhle,Krankenhaus,1905,183,231,2024-01-10T17:10:01.377663000,Höhle -> Krankenhaus
Höhle,Krumpaul,2154,181,242,2024-01-10T17:10:01.377663000,Höhle -> Krumpaul
Krumpaul,Höhle,2174,183,213,2024-01-10T17:00:02.812602000,Krumpaul -> Höhle
Krumpaul,Krankenhaus,1539,147,170,2024-01-10T17:00:02.812602000,Krumpaul -> Krankenhaus
Krankenhaus,Höhle,1902,176,197,2024-01-10T17:00:02.652359000,Krankenhaus -> Höhle
Krankenhaus,Krumpaul,1560,145,164,2024-01-10T17:00:02.652359000,Krankenhaus -> Krumpaul
Höhle,Krankenhaus,1905,183,209,2024-01-10T17:00:02.415576000,Höhle -> Krankenhaus
Höhle,Krumpaul,2154,181,211,2024-01-10T17:00:02.415576000,Höhle -> Krumpaul
Krumpaul,Höhle,2174,183,207,2024-01-10T16:50:02.796799000,Krumpaul -> Höhle
Krumpaul,Krankenhaus,1539,147,165,2024-01-10T16:50:02.796799000,Krumpaul -> Krankenhaus
Krankenhaus,Höhle,1902,176,197,2024-01-10T16:50:02.580246000,Krankenhaus -> Höhle
Krankenhaus,Krumpaul,1560,145,163,2024-01-10T16:50:02.580246000,Krankenhaus -> Krumpaul
Höhle,Krankenhaus,1905,183,210,2024-01-10T16:50:02.144830000,Höhle -> Krankenhaus
Höhle,Krumpaul,2154,181,208,2024-01-10T16:50:02.144830000,Höhle -> Krumpaul
Krumpaul,Höhle,2174,183,216,2024-01-10T16:40:02.862479000,Krumpaul -> Höhle
Krumpaul,Krankenhaus,1539,147,169,2024-01-10T16:40:02.862479000,Krumpaul -> Krankenhaus
Krankenhaus,Höhle,1902,176,204,2024-01-10T16:40:02.706666000,Krankenhaus -> Höhle
Krankenhaus,Krumpaul,1560,145,166,2024-01-10T16:40:02.706666000,Krankenhaus -> Krumpaul
Höhle,Krankenhaus,1905,183,225,2024-01-10T16:40:02.222575000,Höhle -> Krankenhaus
Höhle,Krumpaul,2154,181,224,2024-01-10T16:40:02.222575000,Höhle -> Krumpaul
Krumpaul,Höhle,2174,183,212,2024-01-10T16:30:01.995257000,Krumpaul -> Höhle
Krumpaul,Krankenhaus,1539,147,175,2024-01-10T16:30:01.995257000,Krumpaul -> Krankenhaus
Krankenhaus,Höhle,1902,176,194,2024-01-10T16:30:01.816271000,Krankenhaus -> Höhle
Krankenhaus,Krumpaul,1560,145,158,2024-01-10T16:30:01.816271000,Krankenhaus -> Krumpaul
Höhle,Krankenhaus,1905,183,228,2024-01-10T16:30:01.350623000,Höhle -> Krankenhaus
Höhle,Krumpaul,2154,181,224,2024-01-10T16:30:01.350623000,Höhle -> Krumpaul
Krumpaul,Höhle,2174,183,223,2024-01-10T16:20:02.699293000,Krumpaul -> Höhle
Krumpaul,Krankenhaus,1539,147,177,2024-01-10T16:20:02.699293000,Krumpaul -> Krankenhaus
Krankenhaus,Höhle,1902,176,201,2024-01-10T16:20:02.521469000,Krankenhaus -> Höhle
Krankenhaus,Krumpaul,1560,145,160,2024-01-10T16:20:02.521469000,Krankenhaus -> Krumpaul
Höhle,Krankenhaus,1905,183,210,2024-01-10T16:20:02.259585000,Höhle -> Krankenhaus
Höhle,Krumpaul,2154,181,202,2024-01-10T16:20:02.259585000,Höhle -> Krumpaul
Krumpaul,Höhle,2174,183,218,2024-01-10T16:10:02.467794000,Krumpaul -> Höhle
Krumpaul,Krankenhaus,1539,147,179,2024-01-10T16:10:02.467794000,Krumpaul -> Krankenhaus
Krankenhaus,Höhle,1902,176,195,2024-01-10T16:10:02.337102000,Krankenhaus -> Höhle
Krankenhaus,Krumpaul,1560,145,164,2024-01-10T16:10:02.337102000,Krankenhaus -> Krumpaul
Höhle,Krankenhaus,1905,183,237,2024-01-10T16:10:02.066225000,Höhle -> Krankenhaus
Höhle,Krumpaul,2154,181,228,2024-01-10T16:10:02.066225000,Höhle -> Krumpaul
Krumpaul,Höhle,2174,183,205,2024-01-10T16:00:01.807627000,Krumpaul -> Höhle
Krumpaul,Krankenhaus,1539,147,166,2024-01-10T16:00:01.807627000,Krumpaul -> Krankenhaus
Krankenhaus,Höhle,1902,176,201,2024-01-10T16:00:01.678192000,Krankenhaus -> Höhle
Krankenhaus,Krumpaul,1560,145,164,2024-01-10T16:00:01.678192000,Krankenhaus -> Krumpaul
Höhle,Krankenhaus,1905,183,205,2024-01-10T16:00:01.440923000,Höhle -> Krankenhaus
Höhle,Krumpaul,2154,181,206,2024-01-10T16:00:01.440923000,Höhle -> Krumpaul
Krumpaul,Höhle,2174,183,212,2024-01-10T15:50:01.846181000,Krumpaul -> Höhle
Krumpaul,Krankenhaus,1539,147,169,2024-01-10T15:50:01.846181000,Krumpaul -> Krankenhaus
Krankenhaus,Höhle,1902,176,198,2024-01-10T15:50:01.678925000,Krankenhaus -> Höhle
Krankenhaus,Krumpaul,1560,145,165,2024-01-10T15:50:01.678925000,Krankenhaus -> Krumpaul
Höhle,Krankenhaus,1905,183,221,2024-01-10T15:50:01.424885000,Höhle -> Krankenhaus
Höhle,Krumpaul,2154,181,211,2024-01-10T15:50:01.424885000,Höhle -> Krumpaul
Krumpaul,Höhle,2174,183,221,2024-01-10T15:40:02.872504000,Krumpaul -> Höhle
Krumpaul,Krankenhaus,1539,147,180,2024-01-10T15:40:02.872504000,Krumpaul -> Krankenhaus
Krankenhaus,Höhle,1902,176,193,2024-01-10T15:40:02.677548000,Krankenhaus -> Höhle
Krankenhaus,Krumpaul,1560,145,161,2024-01-10T15:40:02.677548000,Krankenhaus -> Krumpaul
Höhle,Krankenhaus,1905,183,197,2024-01-10T15:40:02.419736000,Höhle -> Krankenhaus
Höhle,Krumpaul,2154,181,196,2024-01-10T15:40:02.419736000,Höhle -> Krumpaul
Krumpaul,Höhle,2174,183,208,2024-01-10T15:30:01.483755000,Krumpaul -> Höhle
Krumpaul,Krankenhaus,1539,147,164,2024-01-10T15:30:01.483755000,Krumpaul -> Krankenhaus
Krankenhaus,Höhle,1902,176,200,2024-01-10T15:30:01.315321000,Krankenhaus -> Höhle
Krankenhaus,Krumpaul,1560,145,156,2024-01-10T15:30:01.315321000,Krankenhaus -> Krumpaul
Höhle,Krankenhaus,1905,183,193,2024-01-10T15:30:01.069338000,Höhle -> Krankenhaus
Höhle,Krumpaul,2154,181,187,2024-01-10T15:30:01.069338000,Höhle -> Krumpaul
Krumpaul,Höhle,2174,183,209,2024-01-10T15:20:03.018214000,Krumpaul -> Höhle
Krumpaul,Krankenhaus,1539,147,170,2024-01-10T15:20:03.018214000,Krumpaul -> Krankenhaus
Krankenhaus,Höhle,1902,176,197,2024-01-10T15:20:02.885676000,Krankenhaus -> Höhle
Krankenhaus,Krumpaul,1560,145,159,2024-01-10T15:20:02.885676000,Krankenhaus -> Krumpaul
Höhle,Krankenhaus,1905,183,198,2024-01-10T15:20:02.512027000,Höhle -> Krankenhaus
Höhle,Krumpaul,2154,181,192,2024-01-10T15:20:02.512027000,Höhle -> Krumpaul
Krumpaul,Höhle,2174,183,207,2024-01-10T15:10:03.011531000,Krumpaul -> Höhle
Krumpaul,Krankenhaus,1539,147,169,2024-01-10T15:10:03.011531000,Krumpaul -> Krankenhaus
Krankenhaus,Höhle,1902,176,196,2024-01-10T15:10:02.850810000,Krankenhaus -> Höhle
Krankenhaus,Krumpaul,1560,145,161,2024-01-10T15:10:02.850810000,Krankenhaus -> Krumpaul
Höhle,Krankenhaus,1905,183,197,2024-01-10T15:10:02.422696000,Höhle -> Krankenhaus
Höhle,Krumpaul,2154,181,194,2024-01-10T15:10:02.422696000,Höhle -> Krumpaul
Krumpaul,Höhle,2174,183,211,2024-01-10T15:00:26.394610000,Krumpaul -> Höhle
Krumpaul,Krankenhaus,1539,147,170,2024-01-10T15:00:26.394610000,Krumpaul -> Krankenhaus
Krankenhaus,Höhle,1902,176,194,2024-01-10T15:00:26.252235000,Krankenhaus -> Höhle
Krankenhaus,Krumpaul,1560,145,160,2024-01-10T15:00:26.252235000,Krankenhaus -> Krumpaul
Höhle,Krankenhaus,1905,183,194,2024-01-10T15:00:26.020375000,Höhle -> Krankenhaus
Höhle,Krumpaul,2154,181,189,2024-01-10T15:00:26.020375000,Höhle -> Krumpaul
Krumpaul,Höhle,2174,183,206,2024-01-10T14:50:01.939344000,Krumpaul -> Höhle
Krumpaul,Krankenhaus,1539,147,169,2024-01-10T14:50:01.939344000,Krumpaul -> Krankenhaus
Krankenhaus,Höhle,1902,176,198,2024-01-10T14:50:01.765504000,Krankenhaus -> Höhle
Krankenhaus,Krumpaul,1560,145,160,2024-01-10T14:50:01.765504000,Krankenhaus -> Krumpaul
Höhle,Krankenhaus,1905,183,192,2024-01-10T14:50:01.544132000,Höhle -> Krankenhaus
Höhle,Krumpaul,2154,181,193,2024-01-10T14:50:01.544132000,Höhle -> Krumpaul
Krumpaul,Höhle,2174,183,201,2024-01-10T13:50:03.044391000,Krumpaul -> Höhle
Krumpaul,Krankenhaus,1539,147,170,2024-01-10T13:50:03.044391000,Krumpaul -> Krankenhaus
Krankenhaus,Höhle,1902,176,186,2024-01-10T13:50:02.889316000,Krankenhaus -> Höhle
Krankenhaus,Krumpaul,1560,145,155,2024-01-10T13:50:02.889316000,Krankenhaus -> Krumpaul
Höhle,Krankenhaus,1905,183,212,2024-01-10T13:50:02.527956000,Höhle -> Krankenhaus
Höhle,Krumpaul,2154,181,204,2024-01-10T13:50:02.527956000,Höhle -> Krumpaul
Krumpaul,Höhle,2174,183,207,2024-01-10T13:40:03.425280000,Krumpaul -> Höhle
Krumpaul,Krankenhaus,1539,147,168,2024-01-10T13:40:03.425280000,Krumpaul -> Krankenhaus
Krankenhaus,Höhle,1902,176,199,2024-01-10T13:40:03.271757000,Krankenhaus -> Höhle
Krankenhaus,Krumpaul,1560,145,160,2024-01-10T13:40:03.271757000,Krankenhaus -> Krumpaul
Höhle,Krankenhaus,1905,183,211,2024-01-10T13:40:02.792468000,Höhle -> Krankenhaus
Höhle,Krumpaul,2154,181,203,2024-01-10T13:40:02.792468000,Höhle -> Krumpaul
Krumpaul,Höhle,2174,183,201,2024-01-10T13:30:02.569184000,Krumpaul -> Höhle
Krumpaul,Krankenhaus,1539,147,162,2024-01-10T13:30:02.569184000,Krumpaul -> Krankenhaus
Krankenhaus,Höhle,1902,176,196,2024-01-10T13:30:02.401006000,Krankenhaus -> Höhle
Krankenhaus,Krumpaul,1560,145,159,2024-01-10T13:30:02.401006000,Krankenhaus -> Krumpaul
Höhle,Krankenhaus,1905,183,207,2024-01-10T13:30:02.044802000,Höhle -> Krankenhaus
Höhle,Krumpaul,2154,181,200,2024-01-10T13:30:02.044802000,Höhle -> Krumpaul
Krumpaul,Höhle,2174,183,213,2024-01-10T13:20:02.490974000,Krumpaul -> Höhle
Krumpaul,Krankenhaus,1539,147,176,2024-01-10T13:20:02.490974000,Krumpaul -> Krankenhaus
Krankenhaus,Höhle,1902,176,196,2024-01-10T13:20:02.304055000,Krankenhaus -> Höhle
Krankenhaus,Krumpaul,1560,145,163,2024-01-10T13:20:02.304055000,Krankenhaus -> Krumpaul
Höhle,Krankenhaus,1905,183,207,2024-01-10T13:20:01.877337000,Höhle -> Krankenhaus
Höhle,Krumpaul,2154,181,203,2024-01-10T13:20:01.877337000,Höhle -> Krumpaul
Krumpaul,Höhle,2174,183,203,2024-01-10T13:10:01.936179000,Krumpaul -> Höhle
Krumpaul,Krankenhaus,1539,147,171,2024-01-10T13:10:01.936179000,Krumpaul -> Krankenhaus
Krankenhaus,Höhle,1902,176,186,2024-01-10T13:10:01.571051000,Krankenhaus -> Höhle
Krankenhaus,Krumpaul,1560,145,161,2024-01-10T13:10:01.571051000,Krankenhaus -> Krumpaul
Höhle,Krankenhaus,1905,183,211,2024-01-10T13:10:01.297154000,Höhle -> Krankenhaus
Höhle,Krumpaul,2154,181,199,2024-01-10T13:10:01.297154000,Höhle -> Krumpaul
Krumpaul,Höhle,2174,183,199,2024-01-10T13:00:02.187504000,Krumpaul -> Höhle
Krumpaul,Krankenhaus,1539,147,167,2024-01-10T13:00:02.187504000,Krumpaul -> Krankenhaus
Krankenhaus,Höhle,1902,176,199,2024-01-10T13:00:02.044655000,Krankenhaus -> Höhle
Krankenhaus,Krumpaul,1560,145,159,2024-01-10T13:00:02.044655000,Krankenhaus -> Krumpaul
Höhle,Krankenhaus,1905,183,215,2024-01-10T13:00:01.763022000,Höhle -> Krankenhaus
Höhle,Krumpaul,2154,181,201,2024-01-10T13:00:01.763022000,Höhle -> Krumpaul
Krumpaul,Höhle,2174,183,201,2024-01-10T12:50:02.496192000,Krumpaul -> Höhle
Krumpaul,Krankenhaus,1539,147,164,2024-01-10T12:50:02.496192000,Krumpaul -> Krankenhaus
Krankenhaus,Höhle,1902,176,195,2024-01-10T12:50:02.337838000,Krankenhaus -> Höhle
Krankenhaus,Krumpaul,1560,145,160,2024-01-10T12:50:02.337838000,Krankenhaus -> Krumpaul
Höhle,Krankenhaus,1905,183,205,2024-01-10T12:50:01.918827000,Höhle -> Krankenhaus
Höhle,Krumpaul,2154,181,197,2024-01-10T12:50:01.918827000,Höhle -> Krumpaul
Krumpaul,Höhle,2174,183,192,2024-01-10T12:40:03.208356000,Krumpaul -> Höhle
Krumpaul,Krankenhaus,1539,147,165,2024-01-10T12:40:03.208356000,Krumpaul -> Krankenhaus
Krankenhaus,Höhle,1902,176,186,2024-01-10T12:40:03.043173000,Krankenhaus -> Höhle
Krankenhaus,Krumpaul,1560,145,156,2024-01-10T12:40:03.043173000,Krankenhaus -> Krumpaul
Höhle,Krankenhaus,1905,183,209,2024-01-10T12:40:02.576056000,Höhle -> Krankenhaus
Höhle,Krumpaul,2154,181,196,2024-01-10T12:40:02.576056000,Höhle -> Krumpaul
Krumpaul,Höhle,2174,183,195,2024-01-10T12:30:02.398866000,Krumpaul -> Höhle
Krumpaul,Krankenhaus,1539,147,165,2024-01-10T12:30:02.398866000,Krumpaul -> Krankenhaus
Krankenhaus,Höhle,1902,176,204,2024-01-10T12:30:02.002275000,Krankenhaus -> Höhle
Krankenhaus,Krumpaul,1560,145,167,2024-01-10T12:30:02.002275000,Krankenhaus -> Krumpaul
Höhle,Krankenhaus,1905,183,201,2024-01-10T12:30:01.535781000,Höhle -> Krankenhaus
Höhle,Krumpaul,2154,181,193,2024-01-10T12:30:01.535781000,Höhle -> Krumpaul
Krumpaul,Höhle,2174,183,204,2024-01-10T12:20:01.794689000,Krumpaul -> Höhle
Krumpaul,Krankenhaus,1539,147,168,2024-01-10T12:20:01.794689000,Krumpaul -> Krankenhaus
Krankenhaus,Höhle,1902,176,213,2024-01-10T12:20:01.628267000,Krankenhaus -> Höhle
Krankenhaus,Krumpaul,1560,145,177,2024-01-10T12:20:01.628267000,Krankenhaus -> Krumpaul
Höhle,Krankenhaus,1905,183,207,2024-01-10T12:20:01.345484000,Höhle -> Krankenhaus
Höhle,Krumpaul,2154,181,198,2024-01-10T12:20:01.345484000,Höhle -> Krumpaul
Krumpaul,Höhle,2174,183,200,2024-01-10T12:10:01.963114000,Krumpaul -> Höhle
Krumpaul,Krankenhaus,1539,147,157,2024-01-10T12:10:01.963114000,Krumpaul -> Krankenhaus
Krankenhaus,Höhle,1902,176,211,2024-01-10T12:10:01.680926000,Krankenhaus -> Höhle
Krankenhaus,Krumpaul,1560,145,175,2024-01-10T12:10:01.680926000,Krankenhaus -> Krumpaul
Höhle,Krankenhaus,1905,183,193,2024-01-10T12:10:01.368733000,Höhle -> Krankenhaus
Höhle,Krumpaul,2154,181,186,2024-01-10T12:10:01.368733000,Höhle -> Krumpaul
Krumpaul,Höhle,2174,183,204,2024-01-10T12:00:02.183289000,Krumpaul -> Höhle
Krumpaul,Krankenhaus,1539,147,161,2024-01-10T12:00:02.183289000,Krumpaul -> Krankenhaus
Krankenhaus,Höhle,1902,176,204,2024-01-10T12:00:02.015937000,Krankenhaus -> Höhle
Krankenhaus,Krumpaul,1560,145,166,2024-01-10T12:00:02.015937000,Krankenhaus -> Krumpaul
Höhle,Krankenhaus,1905,183,205,2024-01-10T12:00:01.803987000,Höhle -> Krankenhaus
Höhle,Krumpaul,2154,181,199,2024-01-10T12:00:01.803987000,Höhle -> Krumpaul
Krumpaul,Höhle,2174,183,196,2024-01-10T11:50:02.404487000,Krumpaul -> Höhle
Krumpaul,Krankenhaus,1539,147,161,2024-01-10T11:50:02.404487000,Krumpaul -> Krankenhaus
Krankenhaus,Höhle,1902,176,202,2024-01-10T11:50:02.247183000,Krankenhaus -> Höhle
Krankenhaus,Krumpaul,1560,145,168,2024-01-10T11:50:02.247183000,Krankenhaus -> Krumpaul
Höhle,Krankenhaus,1905,183,208,2024-01-10T11:50:01.985563000,Höhle -> Krankenhaus
Höhle,Krumpaul,2154,181,206,2024-01-10T11:50:01.985563000,Höhle -> Krumpaul
Krumpaul,Höhle,2174,183,192,2024-01-10T11:40:02.566857000,Krumpaul -> Höhle
Krumpaul,Krankenhaus,1539,147,159,2024-01-10T11:40:02.566857000,Krumpaul -> Krankenhaus
Krankenhaus,Höhle,1902,176,202,2024-01-10T11:40:02.377185000,Krankenhaus -> Höhle
Krankenhaus,Krumpaul,1560,145,168,2024-01-10T11:40:02.377185000,Krankenhaus -> Krumpaul
Höhle,Krankenhaus,1905,183,205,2024-01-10T11:40:02.123752000,Höhle -> Krankenhaus
Höhle,Krumpaul,2154,181,195,2024-01-10T11:40:02.123752000,Höhle -> Krumpaul
Krumpaul,Höhle,2174,183,193,2024-01-10T11:30:02.481482000,Krumpaul -> Höhle
Krumpaul,Krankenhaus,1539,147,162,2024-01-10T11:30:02.481482000,Krumpaul -> Krankenhaus
Krankenhaus,Höhle,1902,176,198,2024-01-10T11:30:02.354665000,Krankenhaus -> Höhle
Krankenhaus,Krumpaul,1560,145,163,2024-01-10T11:30:02.354665000,Krankenhaus -> Krumpaul
Höhle,Krankenhaus,1905,183,214,2024-01-10T11:30:02.068669000,Höhle -> Krankenhaus
Höhle,Krumpaul,2154,181,203,2024-01-10T11:30:02.068669000,Höhle -> Krumpaul
Krumpaul,Höhle,2174,183,189,2024-01-10T11:20:01.557891000,Krumpaul -> Höhle
Krumpaul,Krankenhaus,1539,147,163,2024-01-10T11:20:01.557891000,Krumpaul -> Krankenhaus
Krankenhaus,Höhle,1902,176,195,2024-01-10T11:20:01.435057000,Krankenhaus -> Höhle
Krankenhaus,Krumpaul,1560,145,162,2024-01-10T11:20:01.435057000,Krankenhaus -> Krumpaul
Höhle,Krankenhaus,1905,183,209,2024-01-10T11:20:01.059100000,Höhle -> Krankenhaus
Höhle,Krumpaul,2154,181,196,2024-01-10T11:20:01.059100000,Höhle -> Krumpaul
Krumpaul,Höhle,2174,183,192,2024-01-10T11:10:02.312652000,Krumpaul -> Höhle
Krumpaul,Krankenhaus,1539,147,162,2024-01-10T11:10:02.312652000,Krumpaul -> Krankenhaus
Krankenhaus,Höhle,1902,176,194,2024-01-10T11:10:02.171401000,Krankenhaus -> Höhle
Krankenhaus,Krumpaul,1560,145,158,2024-01-10T11:10:02.171401000,Krankenhaus -> Krumpaul
Höhle,Krankenhaus,1905,183,208,2024-01-10T11:10:01.892809000,Höhle -> Krankenhaus
Höhle,Krumpaul,2154,181,196,2024-01-10T11:10:01.892809000,Höhle -> Krumpaul
Krumpaul,Höhle,2174,183,201,2024-01-10T11:00:02.015298000,Krumpaul -> Höhle
Krumpaul,Krankenhaus,1539,147,167,2024-01-10T11:00:02.015298000,Krumpaul -> Krankenhaus
Krankenhaus,Höhle,1902,176,203,2024-01-10T11:00:01.806355000,Krankenhaus -> Höhle
Krankenhaus,Krumpaul,1560,145,160,2024-01-10T11:00:01.806355000,Krankenhaus -> Krumpaul
Höhle,Krankenhaus,1905,183,214,2024-01-10T11:00:01.512620000,Höhle -> Krankenhaus
Höhle,Krumpaul,2154,181,198,2024-01-10T11:00:01.512620000,Höhle -> Krumpaul
Krumpaul,Höhle,2174,183,197,2024-01-10T10:50:02.873327000,Krumpaul -> Höhle
Krumpaul,Krankenhaus,1539,147,164,2024-01-10T10:50:02.873327000,Krumpaul -> Krankenhaus
Krankenhaus,Höhle,1902,176,204,2024-01-10T10:50:02.757911000,Krankenhaus -> Höhle
Krankenhaus,Krumpaul,1560,145,167,2024-01-10T10:50:02.757911000,Krankenhaus -> Krumpaul
Höhle,Krankenhaus,1905,183,213,2024-01-10T10:50:02.219190000,Höhle -> Krankenhaus
Höhle,Krumpaul,2154,181,199,2024-01-10T10:50:02.219190000,Höhle -> Krumpaul
Krumpaul,Höhle,2174,183,201,2024-01-10T10:40:02.339046000,Krumpaul -> Höhle
Krumpaul,Krankenhaus,1539,147,163,2024-01-10T10:40:02.339046000,Krumpaul -> Krankenhaus
Krankenhaus,Höhle,1902,176,204,2024-01-10T10:40:02.033358000,Krankenhaus -> Höhle
Krankenhaus,Krumpaul,1560,145,166,2024-01-10T10:40:02.033358000,Krankenhaus -> Krumpaul
Höhle,Krankenhaus,1905,183,208,2024-01-10T10:40:01.522309000,Höhle -> Krankenhaus
Höhle,Krumpaul,2154,181,202,2024-01-10T10:40:01.522309000,Höhle -> Krumpaul
